14,"Neptune",24720.354198402143
2,"Saturn",58327.27547237319
1,"Mercury",2413.943682463959
10,"Saturn",58429.211388305084
16,"Neptune",24536.185382872158
8,"Jupiter",69812.87360434752
10,"Neptune",24624.915717258064
4,"Neptune",24652.935197551993
3,"Earth",6397.92487070179
7,"Mercury",2434.361755675142
10,"Saturn",58288.681578099706
2,"Saturn",58302.55292527397
1,"Mars",3417.586591921833
1,"Earth",6353.494226201749
7,"Mercury",2386.7030541201343
6,"Uranus",25472.42835659387
2,"Uranus",25184.67756241472
13,"Mars",3375.1606409113238
1,"Mercury",2449.720775624235
1,"Mercury",2463.3710784941095
6,"Uranus",25452.021815238695
11,"Venus",6092.491306761688
10,"Neptune",24638.28915359349
14,"Neptune",24774.296429915277
15,"Mars",3389.237047329462
14,"Jupiter",69938.25848238553
10,"Saturn",58315.20163320609
13,"Mercury",2404.844164995565
20,"Saturn",58318.11496996727
13,"Mars",3421.8189557533688
2,"Jupiter",69932.27393340212
17,"Mars",3382.7607879269567
6,"Uranus",25342.98741061194
8,"Jupiter",69944.1034812462
16,"Uranus",25426.91566947947
7,"Earth",6359.914027166193
18,"Saturn",58271.212478146095
17,"Venus",6045.18533224175
20,"Neptune",24664.531667066665
3,"Earth",6375.212507046592
14,"Uranus",25484.892808431927
12,"Neptune",24844.108976378084
13,"Venus",6002.51966950616
13,"Mars",3384.0687406091333
11,"Mercury",2422.167849562289
1,"Venus",5998.791344151298
15,"Mars",3375.904583485106
20,"Saturn",58383.12844906506
16,"Jupiter",69991.04639371824
1,"Earth",6335.5336479401685
9,"Mars",3371.2417129427695
7,"Mars",3394.036151695264
10,"Uranus",25445.234593923557
13,"Venus",6046.94730870275
12,"Jupiter",69907.81601636938
2,"Saturn",58298.0362023517
10,"Neptune",24572.17702614414
5,"Venus",6074.604740884266
10,"Uranus",25331.807495601548
9,"Mars",3387.9420331941787
10,"Jupiter",69940.88534040736
4,"Neptune",24744.838783086365
20,"Jupiter",69965.55379627853
3,"Earth",6410.587943015203
5,"Mercury",2446.14495022664
15,"Mars",3400.822999340364
14,"Jupiter",69847.66577468968
2,"Neptune",24850.736537772926
10,"Saturn",58234.420628079686
4,"Neptune",24520.311642348956
9,"Earth",6438.622808269269
17,"Mercury",2431.8646487275378
17,"Venus",6060.404295637898
19,"Earth",6385.920401311764
5,"Mercury",2443.653642040079
2,"Jupiter",69955.61985532394
6,"Saturn",58331.49469434067
12,"Jupiter",69973.97680826036
17,"Mercury",2475.551773944815
17,"Earth",6362.986315911871
4,"Neptune",24658.517965754218
9,"Venus",6066.641361838954
14,"Saturn",58189.29294375681
19,"Mercury",2441.71526488133
7,"Mercury",2406.750161722152
2,"Neptune",24536.343061428932
2,"Uranus",25380.889984466627
18,"Saturn",58272.385322584356
14,"Jupiter",69964.61200100834
9,"Mercury",2425.5748236414574
10,"Saturn",58311.66542903074
16,"Neptune",24621.03176299008
11,"Mars",3322.089501090695
4,"Uranus",25316.497310165934
13,"Mercury",2464.142368526917
1,"Mercury",2439.0347105880273
1,"Mars",3399.0571600685257
16,"Saturn",58192.93895564311
16,"Uranus",25422.41879254332
11,"Earth",6344.3790239705395
3,"Mars",3337.873976333412
16,"Uranus",25249.58034416393
1,"Mercury",2456.992502608136
16,"Uranus",25392.328444251172
11,"Mercury",2449.7227861212373
4,"Jupiter",69865.97622433113
8,"Neptune",24900.99315332321
14,"Uranus",25417.445555824834
10,"Saturn",58285.464775009066
8,"Saturn",58386.50732239768
13,"Mars",3350.3242138477417
10,"Uranus",25443.61638278864
18,"Jupiter",69907.78556112865
6,"Jupiter",70007.02929016299
17,"Mercury",2376.370507014058
6,"Neptune",24638.70889361638
10,"Neptune",24678.76630534601
14,"Saturn",58289.78908877848
3,"Mercury",2438.7118491356787
9,"Earth",6346.938801916494
14,"Jupiter",69942.72041475288
15,"Mercury",2484.287339054623
20,"Uranus",25118.9613851712
8,"Neptune",24667.99547055244
20,"Jupiter",69906.28090293978
17,"Venus",6065.838912143635
15,"Venus",6054.39687465434
9,"Venus",6133.441667966641
6,"Jupiter",69994.74563347611
11,"Mars",3460.6980366300536
10,"Neptune",24575.224932093704
19,"Earth",6401.407742617864
11,"Mars",3291.5122975478
14,"Uranus",25418.202172214256
18,"Saturn",58243.51567652179
10,"Jupiter",69945.1238672608
5,"Earth",6331.300373186423
17,"Earth",6361.451710623541
2,"Uranus",25471.07696031695
6,"Uranus",25311.051522007645
10,"Neptune",24463.747074401257
2,"Saturn",58369.220239846974
16,"Neptune",24479.03017042874
14,"Neptune",24795.852500735775
5,"Mercury",2382.710997504638
1,"Mars",3381.6552828989543
6,"Saturn",58298.60632136227
15,"Mercury",2441.666193246913
6,"Jupiter",69875.97459167313
16,"Neptune",24551.076877932035
19,"Earth",6375.973261902199
15,"Earth",6398.444720751494
13,"Mars",3393.6439031251803
1,"Venus",6049.398917276136
16,"Neptune",24649.80280114438
14,"Saturn",58314.80657893988
17,"Venus",6019.2368421075935
13,"Mercury",2453.4187756345086
2,"Jupiter",69906.67179471368
11,"Mars",3346.8143662156785
3,"Venus",6024.326343200578
15,"Mercury",2511.3211502749755
4,"Uranus",25202.553413779933
7,"Mars",3393.9794046763323
4,"Uranus",25503.174014691846
12,"Jupiter",69943.06938923486
4,"Uranus",25423.6879367031
5,"Mercury",2429.3303611023675
11,"Earth",6358.009694987568
19,"Earth",6377.302975693632
9,"Earth",6417.98589516164
1,"Mercury",2404.1915158711477
17,"Earth",6378.159917167991
19,"Mars",3350.249349312589
7,"Earth",6378.6831134129725
7,"Mercury",2471.9425128355265
18,"Saturn",58292.99644639057
10,"Jupiter",69916.63822325692
11,"Mars",3358.1903044424876
2,"Uranus",25427.349687587557
6,"Saturn",58261.977866335874
7,"Mars",3405.108522329562
2,"Uranus",25324.385217837105
2,"Saturn",58281.2885691682
11,"Mars",3415.419384754058
16,"Jupiter",69899.31449598847
14,"Uranus",25264.028062718346
20,"Jupiter",69958.84366578123
10,"Saturn",58339.89403062023
18,"Uranus",25236.274850906953
1,"Earth",6394.398356805226
2,"Uranus",25072.076033704096
6,"Jupiter",70012.24655949886
8,"Neptune",24595.11373964641
11,"Mercury",2430.6240175915923
2,"Jupiter",69975.94295548656
17,"Earth",6408.897454676248
9,"Mercury",2447.518064741817
18,"Neptune",24733.137366683462
17,"Mars",3406.9312570069574
19,"Mars",3373.444897574989
12,"Neptune",24535.632288690995
12,"Saturn",58291.16930155396
15,"Venus",6106.701019372088
20,"Uranus",25459.340394428287
14,"Saturn",58236.47487919089
17,"Venus",6122.653989441277
3,"Earth",6382.5967482106425
7,"Earth",6404.392707726116
3,"Mars",3408.4393097919847
11,"Earth",6370.715419073416
13,"Earth",6351.75878336359
16,"Neptune",24646.526477942665
20,"Neptune",24659.669944475474
19,"Mercury",2435.6666041175085
1,"Venus",6088.310043894601
2,"Saturn",58313.16686072536
20,"Saturn",58319.11533825286
10,"Saturn",58263.055684335464
20,"Jupiter",69934.0639828597
13,"Mars",3362.353461080209
3,"Earth",6421.11933508614
16,"Neptune",24758.955431159327
8,"Uranus",25310.87316091667
8,"Neptune",24629.09329604446
8,"Uranus",25468.61687725951
11,"Mercury",2464.043086422428
8,"Saturn",58310.25702591574
9,"Earth",6335.421988185661
6,"Jupiter",69971.26424774116
9,"Mars",3444.9957836653543
15,"Venus",6053.381021548171
4,"Neptune",24589.463010051506
3,"Mercury",2385.489780313742
15,"Earth",6365.9459056797905
7,"Venus",6027.293308030588
16,"Neptune",24649.67009246067
20,"Neptune",24715.885343130096
6,"Saturn",58254.49055313382
14,"Uranus",25358.29621845082
18,"Uranus",25329.148143909995
14,"Saturn",58377.11701160084
6,"Saturn",58307.33527469573
12,"Uranus",25440.379387480025
1,"Venus",6032.638666841232
1,"Earth",6379.849009107016
16,"Jupiter",69985.93870787995
1,"Earth",6360.167452759604
8,"Uranus",25474.855193003517
16,"Jupiter",69937.29853185007
10,"Saturn",58305.147289917666
20,"Jupiter",69973.3108839787
14,"Neptune",24594.833631292022
12,"Jupiter",69977.01806372669
17,"Earth",6371.213006640219
14,"Uranus",25231.88152142906
4,"Uranus",25365.93858120952
16,"Jupiter",69904.82644595543
13,"Earth",6367.354216498823
18,"Saturn",58304.74871244957
4,"Neptune",24526.2091099987
11,"Mercury",2461.9217291484783
16,"Saturn",58256.50946342074
16,"Saturn",58285.91994163075
19,"Venus",6019.767404396939
15,"Mars",3421.845982780856
8,"Jupiter",69961.11702787677
15,"Earth",6384.3702103770665
8,"Saturn",58305.602554436686
6,"Jupiter",69960.19112825657
9,"Venus",6021.2922981983165
10,"Neptune",24651.09945872004
14,"Neptune",24811.69785029697
10,"Saturn",58238.82841735647
3,"Earth",6398.907337305478
13,"Mars",3375.362758947096
20,"Saturn",58394.7904463441
16,"Neptune",24581.75248000655
5,"Mercury",2396.1352437918176
20,"Saturn",58323.701156241936
2,"Uranus",25396.479137419527
2,"Neptune",24670.376915467667
6,"Jupiter",69950.75542222621
10,"Uranus",25340.909142506487
7,"Earth",6331.92059380036
17,"Earth",6358.8628179640245
13,"Venus",6042.712310666034
9,"Earth",6418.171776910631
1,"Venus",6009.207558798512
9,"Mars",3387.6620164203855
20,"Saturn",58308.41807263306
7,"Venus",6056.584180759693
12,"Uranus",25348.85783391065
6,"Uranus",25500.772101804196
15,"Mars",3387.9987003967417
4,"Neptune",24676.621791358717
19,"Earth",6326.367574689461
16,"Uranus",25425.265267609575
16,"Jupiter",69960.48156073029
17,"Venus",6027.058493037288
5,"Mars",3415.462275890532
20,"Uranus",25318.005531832554
17,"Mars",3365.561564498936
12,"Uranus",25525.921680635573
10,"Saturn",58229.9121458793
13,"Mercury",2427.9544694016504
9,"Mercury",2467.856540003963
9,"Mercury",2448.2583480925987
10,"Jupiter",69954.57820723808
11,"Mercury",2441.6470167080884
15,"Mars",3370.4368580550586
16,"Neptune",24409.173258721083
2,"Neptune",24559.84905287689
8,"Uranus",25506.878972137576
5,"Venus",6041.408021880365
14,"Uranus",25296.428485074073
2,"Jupiter",69997.07889314146
12,"Saturn",58243.48296841561
6,"Uranus",25311.12166092654
3,"Mercury",2429.5975388572724
8,"Saturn",58401.17453275908
4,"Jupiter",69890.74201184078
5,"Mars",3364.59474135666
14,"Jupiter",69873.24951570253
9,"Mars",3402.581545341252
11,"Mercury",2416.9973707006984
10,"Uranus",25411.198693472914
11,"Earth",6365.41914438462
8,"Neptune",24703.607994972168
19,"Mercury",2417.077001091872
14,"Jupiter",69974.48569796376
2,"Jupiter",69947.82727907735
8,"Saturn",58314.60195466763
9,"Mercury",2516.0983213549325
17,"Mars",3338.1006365352737
9,"Mars",3367.088296856404
14,"Jupiter",69882.43728153728
13,"Mercury",2423.469362761401
20,"Jupiter",69934.24222127516
9,"Mercury",2485.6374481515386
6,"Uranus",25537.87124297376
7,"Mercury",2483.197114133259
15,"Mercury",2389.159823689093
2,"Saturn",58257.9937009919
14,"Saturn",58301.54294162614
7,"Venus",6047.6624944147725
6,"Jupiter",69993.05409610324
14,"Jupiter",69953.61581519578
17,"Mercury",2456.7258889184086
10,"Neptune",24536.43248084091
16,"Jupiter",69926.19383173308
13,"Earth",6330.6199096589735
20,"Neptune",24627.81358012453
11,"Earth",6375.734277784527
10,"Uranus",25340.14851710363
14,"Jupiter",69948.96173062427
5,"Mars",3379.9054488092765
15,"Earth",6359.400510801166
16,"Neptune",24637.495073215247
3,"Mars",3387.803956259595
3,"Venus",6023.250595923153
3,"Venus",6069.590004419975
15,"Venus",6061.632328004092
9,"Mars",3417.5255045210274
3,"Earth",6379.247872768262
8,"Uranus",25300.781723566164
12,"Jupiter",69939.22665704788
2,"Saturn",58206.0913913379
13,"Earth",6409.352136689953
17,"Mercury",2476.297474283881
17,"Earth",6401.3908202696175
18,"Neptune",24506.18903948193
13,"Earth",6345.898582115942
10,"Jupiter",69967.11815640774
14,"Jupiter",70000.11168355863
16,"Saturn",58322.59164760636
8,"Jupiter",69937.69399008605
5,"Mars",3360.862081033489
14,"Uranus",25484.796913933413
4,"Jupiter",69908.72663983524
7,"Mercury",2456.9022488106916
2,"Jupiter",69917.89635432453
3,"Venus",6047.542397381226
14,"Jupiter",69970.99997401822
10,"Neptune",24711.417025762174
4,"Jupiter",69974.49213204539
20,"Uranus",25408.989518984727
10,"Uranus",25507.483339347746
5,"Venus",6041.086443205044
4,"Saturn",58353.29261574258
1,"Mercury",2427.20181918033
6,"Neptune",24477.51766732437
13,"Venus",6041.989928158002
18,"Jupiter",69952.63402074768
20,"Saturn",58239.676427798346
15,"Mercury",2404.0918509447415
13,"Venus",6036.465804862446
11,"Venus",6012.358649787383
10,"Uranus",25560.97329261059
6,"Jupiter",69995.60760363517
4,"Saturn",58314.907845369235
17,"Mars",3375.851607612628
19,"Mercury",2364.780636033248
18,"Uranus",25330.504643035558
11,"Venus",6053.196924696755
9,"Venus",6038.399740259801
8,"Saturn",58344.8630035575
13,"Mercury",2413.78052853657
5,"Venus",6013.164695378049
14,"Uranus",25576.60273648457
19,"Earth",6364.534417259104
2,"Jupiter",69898.64954097141
3,"Earth",6372.407483619682
13,"Earth",6382.051627201351
5,"Earth",6397.874134778368
17,"Venus",6122.4659066883505
20,"Uranus",25265.185338887473
20,"Jupiter",69961.85520474578
3,"Mercury",2446.767779032084
16,"Jupiter",69947.74701885533
20,"Neptune",24474.813692093947
7,"Mercury",2414.69794496093
7,"Mercury",2426.22204694614
3,"Earth",6376.869634237877
14,"Neptune",24605.579887940326
17,"Earth",6308.745454179688
2,"Uranus",25253.40152225237
3,"Venus",6104.041624608814
8,"Saturn",58351.26882578276
18,"Jupiter",69957.50905600296
15,"Earth",6349.361087268417
10,"Uranus",25452.239364218065
17,"Mars",3389.1074465365523
3,"Mars",3352.5537081518196
11,"Mercury",2423.843113555751
19,"Venus",5998.236368773453
6,"Saturn",58307.11533596162
6,"Neptune",24512.98422024747
8,"Uranus",25491.91853089067
16,"Uranus",25383.45130050302
8,"Jupiter",69932.43642594424
6,"Saturn",58290.20744032512
11,"Earth",6336.338030612461
6,"Jupiter",70048.87548748031
1,"Mars",3385.32142170815
16,"Jupiter",70022.61920965031
6,"Uranus",25271.4786704503
16,"Saturn",58356.43151773465
11,"Mars",3367.514459341585
17,"Mercury",2437.246842393622
9,"Mars",3334.748965929589
3,"Mars",3419.378427805093
2,"Saturn",58318.33492246616
8,"Neptune",24648.775889820594
18,"Jupiter",69832.99037652412
7,"Mercury",2435.392399765628
17,"Mars",3340.714597177674
14,"Jupiter",69953.61193191542
18,"Uranus",25305.006646555765
3,"Venus",6036.214960937834
13,"Earth",6330.912609066567
6,"Saturn",58327.343549926176
19,"Earth",6396.323717105842
8,"Jupiter",69921.8046475055
12,"Uranus",25559.46379715818
10,"Saturn",58280.385621461646
20,"Saturn",58282.96916690467
17,"Mars",3384.5324964746087
15,"Mars",3411.738674787505
10,"Saturn",58257.94984760524
12,"Jupiter",69863.12784771848
4,"Uranus",25370.345915073347
2,"Uranus",25151.992226493618
11,"Mercury",2383.996758122042
10,"Saturn",58284.93779882276
9,"Mercury",2440.2757458779356
16,"Neptune",24502.67941273768
14,"Neptune",24542.873264513004
14,"Neptune",24729.233307188937
2,"Uranus",25320.885726615983
11,"Mercury",2452.963641196959
18,"Jupiter",69912.80561865483
12,"Neptune",24378.322523098104
7,"Mars",3419.2948928526134
15,"Earth",6432.392116273194
13,"Earth",6393.556789716275
20,"Saturn",58326.71595434923
1,"Mercury",2482.697148423455
6,"Saturn",58209.47618716988
8,"Jupiter",69897.76384868677
8,"Uranus",25461.68547449319
1,"Earth",6397.626193918463
2,"Jupiter",69811.89194758027
11,"Venus",6051.885200802017
2,"Uranus",25272.617368548064
8,"Neptune",24315.777614026614
11,"Earth",6357.646833261914
14,"Uranus",25385.693120264987
20,"Saturn",58205.341570638346
7,"Venus",6047.175287926836
8,"Jupiter",69914.93774697314
6,"Uranus",25486.154654055277
13,"Earth",6340.887783099277
9,"Venus",6022.789689717893
11,"Mars",3394.07498046261
13,"Earth",6405.52139287542
4,"Saturn",58212.031772365015
20,"Saturn",58312.26128670036
18,"Jupiter",69882.89722251827
14,"Uranus",25312.090468725295
2,"Jupiter",69896.45858467811
11,"Venus",6077.746751599349
2,"Neptune",24745.236375105007
3,"Earth",6375.573518914992
19,"Venus",6093.019157044293
11,"Venus",6023.025258869043
15,"Venus",6034.820231361276
16,"Jupiter",69957.94147377444
9,"Mars",3397.119627607944
2,"Saturn",58280.67002543141
10,"Uranus",25256.799810676628
7,"Mars",3462.482806415458
10,"Uranus",25529.879188391315
4,"Jupiter",69913.30846180792
8,"Jupiter",69877.27310526892
16,"Saturn",58295.31239281612
16,"Jupiter",69888.10549875372
5,"Venus",6019.3303188208265
10,"Neptune",24721.796417909984
12,"Uranus",25497.162522899496
11,"Venus",6039.949554608258
3,"Earth",6393.423316231152
7,"Earth",6359.576948072954
1,"Venus",6060.115367476864
15,"Venus",6014.717718842049
2,"Jupiter",69934.87689180794
10,"Saturn",58288.942450760514
20,"Jupiter",69915.25590697877
11,"Mars",3371.0835196977855
20,"Jupiter",69996.51990361663
19,"Mercury",2441.577566528493
10,"Neptune",24726.475233886842
11,"Earth",6344.381778964143
5,"Mars",3423.7172797810013
18,"Uranus",25383.606844343532
1,"Mars",3365.8809653181042
20,"Neptune",24540.80282186743
16,"Uranus",25420.0223160467
11,"Mars",3299.1791177441573
11,"Venus",6056.348666717534
12,"Saturn",58245.116869530706
1,"Venus",6061.064915370603
4,"Jupiter",69954.04336409197
3,"Venus",6107.23669041916
17,"Mars",3416.852451130118
7,"Mars",3417.7159604805406
16,"Neptune",24593.350953292305
8,"Neptune",24595.324381877774
20,"Saturn",58349.74066117794
10,"Jupiter",69883.32265186898
12,"Saturn",58387.06019609294
13,"Venus",6038.12419276761
4,"Uranus",25353.535654185136
14,"Uranus",25413.13460977236
16,"Neptune",24785.42443801043
4,"Neptune",24437.08336272178
8,"Saturn",58319.698870926586
6,"Saturn",58274.95561260933
10,"Jupiter",69917.1639380743
4,"Jupiter",69933.27130426593
13,"Venus",6050.85043038782
7,"Mars",3407.1191003602353
1,"Mercury",2470.0400821109015
3,"Venus",6058.702889802395
5,"Mars",3377.8314844073957
4,"Uranus",25301.218636107624
14,"Saturn",58314.99550602805
20,"Saturn",58274.766102838556
9,"Venus",6045.336618588458
15,"Mercury",2418.305096730989
10,"Uranus",25432.0754029297
2,"Saturn",58248.963837623916
14,"Uranus",25101.563921085333
19,"Earth",6358.35579944524
10,"Saturn",58325.32480344092
14,"Saturn",58279.86495436753
6,"Neptune",24634.21627312852
14,"Jupiter",69918.48621123408
7,"Mercury",2437.859339711827
10,"Jupiter",69963.19537161977
15,"Mars",3419.491682768244
7,"Mars",3403.2513754858087
20,"Jupiter",69905.71061063754
1,"Mercury",2445.924931847486
11,"Venus",6034.07061851024
18,"Jupiter",69960.67341788896
1,"Earth",6313.44192865339
7,"Venus",6042.962544357149
2,"Jupiter",70001.60517047001
5,"Earth",6364.248941892388
4,"Saturn",58285.96562704221
13,"Mercury",2424.6949523413195
1,"Venus",6034.700736708906
16,"Neptune",24724.204335332848
9,"Mars",3420.4574723586447
20,"Jupiter",69992.01247078653
18,"Saturn",58292.22197877421
11,"Mars",3399.081641934118
5,"Venus",5999.726435415243
4,"Neptune",24663.334193738712
18,"Saturn",58267.46119268528
15,"Mars",3434.5847584699873
11,"Mars",3361.4435202124596
17,"Mars",3405.169111648576
13,"Mars",3362.652893590782
9,"Mars",3422.065418392949
16,"Saturn",58367.58403880301
12,"Saturn",58233.9206546532
8,"Jupiter",70083.98400404808
12,"Jupiter",69971.21327023016
20,"Jupiter",69954.917136894
9,"Mercury",2455.0247775659923
13,"Mercury",2375.0444819385843
13,"Earth",6412.793936367867
16,"Uranus",25234.12650874535
18,"Uranus",25408.30055027937
6,"Jupiter",69959.55202459468
9,"Earth",6289.577379925079
13,"Mars",3438.1533783018986
7,"Mars",3391.685567645084
18,"Jupiter",69947.07173513419
1,"Venus",6119.913961007375
3,"Venus",6020.122995750656
7,"Mercury",2444.6716026768663
19,"Mars",3409.0314917041815
15,"Mars",3480.939489655147
18,"Neptune",24694.249187706966
19,"Mercury",2391.3215603783533
17,"Mercury",2434.9520562932976
2,"Jupiter",69887.68669551583
8,"Neptune",24644.420678498635
14,"Neptune",24443.664701228172
7,"Mercury",2412.431296065141
6,"Jupiter",70068.2995288735
17,"Earth",6397.871704907894
13,"Mercury",2511.0501562456384
4,"Neptune",24513.799502664177
17,"Mars",3330.521235234975
10,"Saturn",58272.47596875667
13,"Mercury",2461.7989523414576
14,"Jupiter",70001.06440463688
1,"Mercury",2450.9903434445964
11,"Earth",6367.413365641712
9,"Mercury",2518.045833896306
6,"Neptune",24790.38617794258
6,"Neptune",24491.2511628314
5,"Venus",6078.787969493517
20,"Uranus",25230.91517436993
18,"Uranus",25296.306574383423
3,"Earth",6342.0798611921155
9,"Earth",6366.709263504462
5,"Earth",6363.2097567504625
9,"Venus",6030.178050799694
19,"Mars",3383.1296552221975
1,"Venus",6032.579428773245
18,"Saturn",58237.2086578814
3,"Mercury",2541.518019414929
8,"Uranus",25457.23935449527
6,"Neptune",24525.530138068792
1,"Venus",6019.916975898671
4,"Uranus",25349.064851710933
12,"Jupiter",69924.15258692909
18,"Uranus",25271.208942552803
1,"Earth",6412.016153802016
11,"Mercury",2397.24817683346
8,"Neptune",24897.297135695186
16,"Jupiter",69884.56121139086
9,"Mars",3387.908846259926
12,"Saturn",58257.16422800446
12,"Jupiter",69945.29268767644
17,"Venus",6062.784558278425
12,"Neptune",24830.35022088956
11,"Venus",6065.534068306538
19,"Venus",6097.533625831463
1,"Mercury",2430.5896617872504
20,"Uranus",25334.799396471608
11,"Venus",6018.338615832219
10,"Saturn",58246.4196115548
1,"Mars",3357.9499987922595
17,"Mercury",2390.7401954614083
9,"Venus",6055.007306329465
6,"Saturn",58348.68082065745
6,"Saturn",58308.22182222914
1,"Mars",3362.5923174711097
1,"Venus",6041.075080678632
15,"Mercury",2455.3693041035913
9,"Mercury",2416.359359820329
3,"Earth",6365.805509077483
11,"Mars",3396.96870108009
3,"Mars",3470.743275933897
3,"Venus",5992.211818822559
2,"Saturn",58291.10214729617
4,"Uranus",25300.99731292107
3,"Mercury",2456.9178581861543
15,"Mercury",2431.164000310632
14,"Neptune",24713.61403944269
15,"Mars",3445.933056862995
14,"Neptune",24601.29383392703
6,"Jupiter",69958.1883568188
15,"Venus",6041.572411427942
7,"Earth",6417.165468805954
17,"Venus",6040.1440072567775
10,"Neptune",24606.703023193633
11,"Venus",5985.596125666978
14,"Uranus",25431.910501705996
19,"Venus",6086.155560071519
11,"Mars",3388.0462524671693
17,"Earth",6365.121840925017
3,"Earth",6361.570834694381
18,"Saturn",58171.59164388145
13,"Mercury",2424.1371922280346
6,"Uranus",25343.961420408174
16,"Saturn",58376.59237759158
12,"Saturn",58261.38151551114
18,"Saturn",58261.99194878939
8,"Jupiter",69891.15486058187
6,"Jupiter",70013.1554866636
20,"Saturn",58354.92978531502
5,"Earth",6335.287676340558
14,"Neptune",24753.23829321711
1,"Earth",6294.58853218437
15,"Mars",3415.3996891169813
9,"Mars",3292.4033062417675
16,"Uranus",25432.640050631
16,"Uranus",25343.54198295755
2,"Jupiter",69951.43383169704
6,"Jupiter",69926.0158929184
16,"Jupiter",69980.92130447018
5,"Mars",3419.2326899226496
20,"Jupiter",69868.03910677358
12,"Jupiter",69923.90573497348
14,"Uranus",25338.690323382034
2,"Saturn",58242.011871200695
15,"Mercury",2386.5253084043416
5,"Venus",6060.711358654304
11,"Mercury",2422.9607402334236
3,"Earth",6403.345145255037
4,"Neptune",24551.78503315161
5,"Mars",3387.9659861357272
20,"Saturn",58319.68875706312
20,"Uranus",25331.66596829835
19,"Mars",3429.4606063720735
19,"Mars",3406.3113375769362
6,"Uranus",25478.801483606123
7,"Mercury",2496.160140021508
13,"Mars",3408.30795471883
19,"Mercury",2430.2180085909963
2,"Neptune",24614.08659366091
7,"Venus",6044.4600545916355
14,"Saturn",58268.349662682675
17,"Mercury",2441.593530600845
3,"Mars",3373.839258656038
18,"Neptune",24573.009659751
14,"Neptune",24635.810869543675
8,"Saturn",58405.03696911027
17,"Mars",3368.7008757050994
20,"Neptune",24540.186425572738
4,"Saturn",58287.31869846485
17,"Venus",6075.733814718798
3,"Mercury",2389.191588542218
14,"Saturn",58283.50562126529
3,"Mars",3386.3185896991063
13,"Mars",3377.626228654731
10,"Uranus",25295.742481145782
12,"Jupiter",69875.38078639473
13,"Mercury",2450.8064639158847
3,"Earth",6388.760484934253
18,"Jupiter",69985.42194179611
17,"Venus",6015.842590078527
7,"Mercury",2477.056154166131
9,"Mercury",2475.6870371906925
8,"Uranus",25411.92052234309
19,"Venus",6006.2567101963405
1,"Mars",3396.7915385315096
11,"Earth",6423.808242208663
5,"Mars",3362.9677087976825
18,"Uranus",25140.226537190672
11,"Earth",6318.270315775702
11,"Mars",3403.8179082489455
9,"Mars",3374.693621375943
7,"Earth",6312.020809739872
13,"Venus",6027.080860633681
5,"Earth",6383.392190308225
10,"Neptune",24505.405534984973
14,"Saturn",58274.81395281014
3,"Mars",3373.837966479277
2,"Uranus",25427.661421780922
18,"Saturn",58291.382139019996
18,"Saturn",58308.924645894
16,"Jupiter",69944.48144908309
19,"Mars",3317.1770616069643
10,"Neptune",24767.896102238697
19,"Mars",3455.1756414786414
8,"Uranus",25532.219228153514
14,"Jupiter",69961.23940294782
10,"Uranus",25401.358970036585
19,"Earth",6388.420778839532
13,"Mercury",2483.9768117982967
3,"Earth",6305.219832821015
4,"Jupiter",69949.74603759659
7,"Mercury",2445.5900680210975
6,"Jupiter",69957.28925280263
12,"Neptune",24790.675666714335
8,"Saturn",58218.495556873815
7,"Earth",6366.656791310995
3,"Mercury",2466.9413158939165
10,"Jupiter",69912.49090090374
18,"Saturn",58261.03852606938
17,"Mars",3356.8930253503254
12,"Uranus",25267.176313247932
10,"Neptune",25031.635630157358
5,"Mercury",2429.8388332884247
7,"Earth",6399.4184624157215
8,"Neptune",24550.13897426687
2,"Uranus",25417.452658252318
19,"Mercury",2435.2703002182675
14,"Neptune",24468.69265326796
3,"Earth",6423.793144750086
14,"Uranus",25190.39022678047
8,"Saturn",58173.69839962554
15,"Mars",3411.408214010481
12,"Saturn",58316.51833877772
4,"Saturn",58383.96244325229
14,"Uranus",25545.91938486299
2,"Saturn",58365.58737745051
4,"Uranus",25327.488308432687
16,"Uranus",25555.03653572486
10,"Neptune",24659.30781477063
12,"Neptune",24690.283264403774
11,"Venus",6042.711954553798
19,"Earth",6340.662362707904
11,"Mercury",2455.62955523709
12,"Saturn",58277.7311342166
1,"Earth",6347.619826063288
13,"Mars",3353.099463075428
12,"Uranus",25163.46164701193
11,"Earth",6371.978703245635
7,"Earth",6431.878705318644
14,"Saturn",58329.26467941979
11,"Mercury",2385.7909012116174
14,"Neptune",24523.49688807183
19,"Mars",3359.8963795002905
13,"Mercury",2437.88637804686
20,"Uranus",25293.912719273772
7,"Earth",6360.350106545007
15,"Earth",6369.32044999287
20,"Uranus",25254.546470229863
7,"Earth",6341.86054359479
14,"Uranus",25358.899211078
7,"Venus",6083.512901237539
11,"Mercury",2387.355491654976
9,"Mars",3407.445296392543
16,"Neptune",24416.388911431244
13,"Mars",3367.9551198958434
12,"Neptune",24621.966490468545
9,"Mercury",2371.136938485046
3,"Mars",3427.5823452255195
6,"Neptune",24531.830911974568
2,"Neptune",24703.620424445824
8,"Jupiter",69952.1706749097
13,"Venus",6050.823399139066
7,"Venus",6076.293265380103
12,"Saturn",58258.76568446491
18,"Jupiter",69924.0356907035
13,"Venus",6057.888595796139
3,"Earth",6334.740595682876
18,"Uranus",25392.52822447805
2,"Neptune",24683.689257696453
3,"Mars",3371.814629029834
20,"Neptune",24815.4972421588
16,"Uranus",25415.900337743693
11,"Venus",6051.42171460769
18,"Saturn",58333.180333005075
13,"Earth",6349.9939864362495
14,"Saturn",58313.0659686471
15,"Mercury",2435.5384008821816
2,"Jupiter",69940.08376741367
6,"Uranus",25383.492299233098
1,"Earth",6373.026378012369
9,"Mercury",2436.8941003706186
19,"Mercury",2474.9464355137216
17,"Earth",6430.473216473182
3,"Mars",3358.744071852236
15,"Earth",6397.997740483993
5,"Earth",6376.39962684152
11,"Mercury",2466.845170631916
13,"Mercury",2445.82448730512
3,"Earth",6340.905782294391
8,"Neptune",24451.80566354557
19,"Venus",6044.399561387898
10,"Neptune",24432.32296286949
7,"Mercury",2426.1133022602035
10,"Saturn",58265.5644214443
10,"Neptune",24567.988525662982
2,"Neptune",24424.416361151438
9,"Mars",3369.474592789661
5,"Mercury",2423.1434229310184
12,"Saturn",58334.063517401526
8,"Uranus",25485.46317399272
14,"Jupiter",69892.74204650693
17,"Earth",6397.081828411887
2,"Saturn",58214.81843794469
9,"Earth",6389.909112767778
10,"Uranus",25454.14486364781
12,"Uranus",25334.561429245394
19,"Mercury",2382.0188497595013
2,"Saturn",58339.79111655779
7,"Mars",3398.937982222708
19,"Mercury",2460.2510485265875
8,"Saturn",58239.69995015586
14,"Saturn",58286.499311611034
4,"Saturn",58253.826336177204
11,"Mercury",2455.3226586749083
1,"Venus",6048.021473212542
15,"Mercury",2409.881615219794
1,"Mercury",2401.8087439548513
3,"Venus",6014.64124783861
17,"Mars",3399.3547633411235
12,"Uranus",25423.07343583825
17,"Venus",6016.184316833195
19,"Earth",6433.933403568631
9,"Earth",6392.573122136288
19,"Mercury",2465.651579875078
5,"Venus",6052.170858626872
15,"Mercury",2435.4714916374683
3,"Mercury",2507.322067377162
14,"Jupiter",70044.17381912092
2,"Saturn",58405.492650368586
6,"Neptune",24680.005097448404
19,"Venus",6077.606752059184
4,"Uranus",25315.93224473242
6,"Uranus",25338.77404395469
4,"Jupiter",69970.29590242913
13,"Earth",6377.4459042805875
10,"Jupiter",69932.62182856257
4,"Neptune",24553.659242849186
5,"Mars",3347.801769196396
2,"Jupiter",69931.21641269905
10,"Neptune",24751.450508540518
6,"Neptune",24733.81160220898
15,"Earth",6360.9087487643765
6,"Jupiter",69937.33272333154
14,"Neptune",24373.351394438065
1,"Mars",3426.421649561857
4,"Saturn",58332.922801921864
20,"Saturn",58299.314664111436
3,"Mercury",2465.3612568381686
13,"Earth",6377.535214418839
14,"Uranus",25461.7466300745
5,"Venus",6149.105313347609
1,"Mars",3400.455589292968
19,"Earth",6365.895080776695
12,"Saturn",58342.09475513599
14,"Uranus",25432.9528202352
7,"Mars",3373.5761607355007
6,"Uranus",25289.537902292006
11,"Mercury",2451.608359002102
15,"Mars",3328.9812107172966
7,"Venus",6048.5366904694865
15,"Venus",6033.043212169548
16,"Jupiter",70029.29713379189
10,"Neptune",24666.228977500403
9,"Mars",3406.550417455172
9,"Venus",6047.615452851125
7,"Earth",6377.948435838548
9,"Mars",3385.3982534086567
12,"Neptune",24624.85108595887
5,"Venus",6058.899489041214
14,"Neptune",24568.583104353413
13,"Venus",6087.922513104059
19,"Earth",6354.795752189005
8,"Saturn",58247.65995405
11,"Venus",6041.139762523685
17,"Mercury",2480.5897114917275
8,"Uranus",25455.389013509586
8,"Saturn",58326.663220645525
14,"Neptune",24461.286247666045
7,"Earth",6391.7716972121025
19,"Mars",3410.9037917132623
3,"Mercury",2539.0521331786776
15,"Earth",6379.038746109708
1,"Mercury",2397.9366273731707
10,"Uranus",25478.156423635035
11,"Venus",6082.732524822796
17,"Earth",6374.889398052397
10,"Uranus",25306.306670014696
8,"Saturn",58296.18451651304
1,"Venus",6064.653953160356
6,"Saturn",58363.007388108395
4,"Jupiter",70000.67934967284
1,"Earth",6353.281888470045
7,"Earth",6389.3053028810555
3,"Mars",3427.348837090725
20,"Uranus",25377.894595162605
15,"Earth",6370.115901277436
13,"Mars",3445.4724447637327
3,"Mars",3439.031774292983
5,"Earth",6345.252066489255
2,"Uranus",25535.09249410183
11,"Earth",6391.115509661462
4,"Neptune",24368.30702857011
3,"Mars",3481.526662853578
20,"Jupiter",69858.92062328357
13,"Mercury",2424.6941236856746
20,"Uranus",25375.63960508603
19,"Earth",6351.966359067219
6,"Uranus",25417.832132402193
14,"Jupiter",70005.11562244571
9,"Earth",6373.9537070284605
9,"Mercury",2484.5148354614257
12,"Uranus",25478.704950594398
17,"Earth",6378.53857495679
7,"Mars",3418.891044044532
3,"Venus",6000.035413662325
18,"Saturn",58235.725426310746
7,"Mercury",2489.2158410064876
9,"Mars",3388.023765793075
3,"Mercury",2443.1213437657534
10,"Neptune",24549.88571818344
10,"Jupiter",69942.83971927932
13,"Mars",3397.8830622198952
17,"Venus",6048.615534350917
8,"Saturn",58256.74051775261
13,"Earth",6343.2479607341675
17,"Mars",3402.462307492943
16,"Uranus",25448.59048274137
12,"Neptune",24746.17596193526
12,"Saturn",58255.88498794303
5,"Venus",6025.090809949718
13,"Venus",6078.876956411965
17,"Earth",6345.7641261094805
20,"Uranus",25323.869105221987
14,"Uranus",25248.20097207674
16,"Neptune",24467.229396941897
13,"Venus",6103.766996048201
20,"Neptune",24554.553071316277
3,"Earth",6365.956375154908
17,"Mars",3431.926991871143
18,"Saturn",58232.26233067853
18,"Jupiter",69960.84053746915
15,"Venus",6050.95909508866
13,"Earth",6376.470029125206
11,"Mars",3381.5042266977703
17,"Venus",6010.220162738561
18,"Saturn",58337.14713240784
15,"Venus",6078.473079186678
7,"Mercury",2434.6720684977035
2,"Saturn",58445.73026228901
3,"Mars",3379.315388227912
6,"Saturn",58322.419453027964
19,"Mercury",2413.6031190631074
11,"Venus",6090.470913105502
18,"Uranus",25422.02729278646
1,"Mars",3424.236735512974
2,"Saturn",58343.87034389606
12,"Neptune",24594.000932721876
11,"Earth",6354.131453894326
5,"Venus",6047.3899907869345
10,"Neptune",24398.82699381971
11,"Mars",3440.1539694929497
18,"Saturn",58352.83483491998
5,"Mars",3408.0528461777308
9,"Venus",6072.015224913181
4,"Neptune",24547.04054595774
16,"Saturn",58368.62679853602
7,"Mercury",2401.5928016273556
17,"Venus",6060.320028533649
17,"Mars",3411.0503354671105
3,"Mars",3399.4311395403106
7,"Earth",6370.067073891287
7,"Venus",6070.523915224231
6,"Uranus",25506.12854995315
5,"Mars",3362.8465516336228
10,"Saturn",58362.6748674573
2,"Uranus",25440.881374927478
9,"Mars",3418.055767582683
7,"Venus",6036.525468609596
10,"Saturn",58187.48466122071
3,"Mercury",2405.9900109227287
12,"Jupiter",69934.86886389303
17,"Mercury",2417.5377502267706
17,"Mercury",2457.8179118439516
4,"Saturn",58316.52526040071
11,"Mars",3380.1813836415704
13,"Mercury",2410.5206235766336
9,"Mercury",2477.0464560267837
1,"Earth",6336.936655887463
7,"Venus",6055.286653158896
20,"Jupiter",69926.38030814567
16,"Saturn",58274.49743988532
11,"Mercury",2445.1429609722754
11,"Mercury",2429.335140850584
14,"Uranus",25541.02803206447
10,"Saturn",58287.81731697365
5,"Mars",3425.307861006354
6,"Uranus",25318.32237521905
13,"Mars",3453.905136939374
10,"Jupiter",69946.7868029791
13,"Venus",6070.26196345087
14,"Uranus",25345.094212584787
1,"Earth",6419.318297089255
6,"Neptune",24698.028702166637
13,"Mercury",2426.331240925
12,"Jupiter",69964.01600822005
12,"Saturn",58289.54365576717
1,"Mars",3445.255808050673
12,"Jupiter",69907.43408469085
10,"Jupiter",69910.18435603977
18,"Saturn",58372.07904165728
17,"Earth",6382.883192850205
11,"Venus",6084.75961594976
17,"Earth",6345.8833681464
19,"Earth",6407.954973407468
20,"Neptune",24470.9483893737
3,"Earth",6364.055294049784
8,"Saturn",58373.104420968026
5,"Mercury",2434.896075889736
16,"Uranus",25245.23062134282
1,"Mars",3414.9363675743916
19,"Mars",3363.6020518666446
19,"Mars",3377.0705090315923
9,"Venus",5982.946292958809
11,"Earth",6351.785134597648
4,"Saturn",58356.18246544231
17,"Earth",6414.589225741034
1,"Mercury",2461.333448870952
5,"Mars",3353.3128682617257
11,"Mars",3351.159666837142
1,"Venus",6141.850100860877
7,"Earth",6396.598055766641
9,"Earth",6386.700883998692
18,"Neptune",24729.93274674247
11,"Mars",3367.1409413531524
7,"Earth",6389.840583417985
15,"Earth",6372.149794330581
2,"Saturn",58278.68874894649
14,"Saturn",58379.44719732816
6,"Neptune",24659.140965385584
19,"Mars",3371.033373461105
15,"Earth",6384.427265080564
3,"Earth",6423.707797845925
2,"Uranus",25359.993485026378
15,"Mercury",2446.8090601033346
12,"Jupiter",69943.82978886488
15,"Mercury",2448.4618348686477
6,"Saturn",58322.535868516024
14,"Saturn",58394.610927024834
15,"Venus",5997.4731983204865
14,"Uranus",25405.257774205416
14,"Saturn",58287.166719443376
2,"Neptune",24663.344890193766
5,"Venus",6020.153236884017
11,"Mercury",2416.707370616595
5,"Earth",6366.369294923421
15,"Mercury",2510.8585412025773
10,"Jupiter",69939.83066420976
11,"Earth",6391.296597211987
13,"Mercury",2465.479843008319
18,"Neptune",24485.60333029048
12,"Jupiter",69923.64256677174
20,"Jupiter",70017.6668913639
9,"Venus",6053.127823404555
9,"Venus",6077.006806954064
11,"Mars",3330.6716245903312
15,"Venus",6025.387601311616
15,"Venus",5997.3949374385065
19,"Venus",5996.754049035062
1,"Mercury",2425.34546662168
8,"Saturn",58344.08198694946
13,"Venus",6009.392331576928
6,"Uranus",25291.733730824344
18,"Saturn",58382.41285727313
5,"Venus",6014.602097378659
2,"Jupiter",69957.9900922846
18,"Jupiter",69851.6678089979
6,"Jupiter",69900.36092073901
2,"Saturn",58303.03515530523
3,"Venus",6081.8299293425325
14,"Neptune",24490.248224479186
20,"Uranus",25224.797684660094
4,"Neptune",24669.79612508414
6,"Uranus",25473.44360681975
7,"Earth",6340.726910871039
3,"Venus",6012.605794903651
19,"Mars",3316.2168584380324
9,"Mars",3386.4980866159817
3,"Venus",5999.743179501035
3,"Earth",6368.511139052026
12,"Neptune",24632.21647793159
18,"Saturn",58228.51749947982
6,"Neptune",24628.520960959864
14,"Jupiter",70007.2193141312
6,"Uranus",25341.22518146406
11,"Earth",6314.829148679442
12,"Uranus",25332.928584909354
4,"Jupiter",69950.20091646732
3,"Earth",6331.7094463820295
11,"Mars",3419.2904523468974
9,"Earth",6363.580231683259
15,"Earth",6376.883061495333
6,"Saturn",58333.49597396543
1,"Venus",6036.824888962546
14,"Neptune",24571.75191031524
15,"Mars",3401.9094976862943
2,"Saturn",58238.40681042822
17,"Mercury",2430.421284943183
16,"Uranus",25387.89567396873
6,"Saturn",58356.20564051187
17,"Mars",3473.337252112387
6,"Saturn",58394.77956307139
13,"Venus",6034.574664110246
17,"Earth",6397.53575727655
17,"Earth",6464.595288184429
8,"Jupiter",69914.26045747439
15,"Mercury",2422.3384943821134
11,"Venus",6033.7138670897175
15,"Mars",3439.82582011505
15,"Mercury",2450.2337514092337
13,"Mars",3354.6484775720833
16,"Saturn",58267.14676795062
4,"Neptune",24570.206375920407
5,"Mercury",2479.5342687907987
9,"Mars",3393.4743481668716
18,"Saturn",58209.264299504226
2,"Saturn",58342.01641802008
19,"Mercury",2418.3533356878625
6,"Neptune",24777.376895787962
8,"Jupiter",69944.79348071157
5,"Venus",6076.989635433556
13,"Mars",3395.8467603296513
12,"Jupiter",70008.31921797732
5,"Mercury",2488.9795571392883
4,"Neptune",24585.33761535524
19,"Mars",3370.573274822311
4,"Neptune",24767.206002952025
17,"Venus",6146.52357110486
7,"Earth",6410.356522202308
2,"Uranus",25313.47960205235
14,"Uranus",25375.965298698
2,"Saturn",58258.220435403724
14,"Neptune",24524.949544439904
6,"Neptune",24472.116637608095
7,"Mars",3420.6510379254164
16,"Neptune",24490.31418182746
1,"Earth",6390.1079602375685
3,"Mercury",2440.9303321634375
16,"Neptune",24727.70373783203
12,"Neptune",24651.095281458318
2,"Saturn",58350.60651301066
2,"Jupiter",70002.82751129573
2,"Jupiter",69945.34902411583
13,"Mars",3401.8946146244825
9,"Earth",6362.489106554999
18,"Saturn",58311.50873532358
5,"Mercury",2447.441637362036
19,"Mercury",2393.316804725682
20,"Uranus",25276.482726472248
8,"Uranus",25347.73576546729
15,"Earth",6389.944569672898
1,"Mars",3453.627034007961
12,"Jupiter",69927.92327678885
5,"Mars",3397.7244895202166
20,"Neptune",24651.51255070885
2,"Jupiter",69971.71288405999
11,"Earth",6338.5520072242625
5,"Earth",6338.771980281005
20,"Jupiter",69994.31043140915
9,"Mercury",2467.8241986293224
16,"Neptune",24700.118663391753
4,"Neptune",24523.749046430854
1,"Mars",3440.181874387177
18,"Saturn",58365.10632646188
8,"Jupiter",69980.97800461043
13,"Venus",6065.393285894035
14,"Jupiter",69943.8259610014
11,"Venus",6072.291071295139
13,"Earth",6363.5451178008225
15,"Venus",6051.74654930874
14,"Neptune",24537.570504737407
1,"Mercury",2449.4069986863865
11,"Earth",6383.808496911274
12,"Uranus",25282.23840770836
11,"Venus",6078.385979996437
1,"Mars",3387.816972541331
2,"Saturn",58225.341404572886
1,"Earth",6345.263440463715
11,"Earth",6339.906001948613
16,"Neptune",24531.133779826814
18,"Neptune",24462.278512806162
12,"Saturn",58335.22539813739
18,"Uranus",25381.57010625115
9,"Mars",3433.675033832445
20,"Saturn",58241.01542224341
20,"Jupiter",69932.61164546845
10,"Jupiter",70070.12525662992
6,"Neptune",24602.380065410383
2,"Saturn",58306.6894730227
3,"Earth",6332.523778478922
17,"Mercury",2409.3548108440737
2,"Uranus",25405.531962637368
3,"Mars",3392.2802950986143
11,"Venus",6040.3729108487105
8,"Saturn",58236.72144293817
18,"Neptune",24800.999361173483
14,"Neptune",24545.94634491314
3,"Venus",6024.859043403681
16,"Jupiter",69988.34262864494
13,"Earth",6377.614939465852
4,"Saturn",58372.155330292124
9,"Mercury",2402.263681874905
8,"Neptune",24587.588909792048
6,"Uranus",25322.215593039717
4,"Uranus",25235.185658682803
12,"Jupiter",70005.17109175325
9,"Mars",3415.0814135384103
13,"Earth",6355.122366443716
12,"Jupiter",69905.81008156406
16,"Saturn",58123.14018755215
2,"Saturn",58356.95676107415
1,"Mars",3384.892948126416
7,"Venus",5989.921111618386
12,"Jupiter",69988.41444152505
14,"Saturn",58296.764261362354
6,"Uranus",25316.64050713514
19,"Earth",6355.451679844793
14,"Neptune",24605.673636883675
19,"Earth",6400.512238590169
8,"Uranus",25578.95161429059
12,"Jupiter",69965.00412070406
7,"Mars",3394.236115181856
17,"Earth",6394.671027419279
10,"Neptune",24674.83728253716
7,"Venus",6103.092690996994
19,"Venus",6080.884237566708
6,"Uranus",25411.43125148219
4,"Jupiter",70018.26578980182
12,"Saturn",58252.447819788424
14,"Saturn",58296.9646894853
18,"Saturn",58172.43275036889
19,"Earth",6359.817877342616
9,"Earth",6344.169970530046
14,"Neptune",24573.060815835845
3,"Mars",3379.2740308353987
15,"Earth",6361.40097103668
19,"Mercury",2352.508678235232
9,"Mercury",2468.5327201151185
19,"Venus",6053.68529243692
11,"Venus",6052.897044394247
14,"Neptune",24623.597559503854
13,"Earth",6407.536843513039
10,"Saturn",58251.10683583458
12,"Uranus",25409.54635601189
11,"Mercury",2440.094172404438
5,"Earth",6376.019199808857
7,"Earth",6369.330850100055
15,"Venus",6028.2579851814735
12,"Jupiter",70028.56375043718
14,"Jupiter",69840.15525430732
14,"Uranus",25413.784086463605
1,"Earth",6297.046737056634
15,"Venus",6042.6913757982675
20,"Uranus",25343.666875262752
17,"Venus",6124.70177347619
9,"Mercury",2447.443138654536
14,"Neptune",24482.119755172014
19,"Venus",5997.729619462812
2,"Uranus",25198.891937674216
3,"Earth",6429.625182420646
14,"Jupiter",69935.79287016238
14,"Saturn",58189.910865588514
14,"Uranus",25402.061154951087
16,"Jupiter",69849.52115061277
20,"Uranus",25384.75367849034
2,"Neptune",24658.071413879203
2,"Saturn",58362.94953308561
6,"Saturn",58336.462277244726
17,"Mars",3408.655529364234
3,"Mercury",2394.085562365833
19,"Venus",6039.812043649875
12,"Saturn",58373.70019957638
12,"Jupiter",69983.54543576522
8,"Uranus",25537.28689415491
3,"Venus",6057.785915312244
9,"Mercury",2410.5211846849993
13,"Venus",6010.465494891094
10,"Neptune",24661.500468851267
9,"Venus",6006.291947321467
15,"Mars",3435.7514916054656
4,"Uranus",25359.93567264323
4,"Saturn",58332.481090272915
12,"Jupiter",69983.71787522432
4,"Uranus",25493.340366206037
2,"Jupiter",69930.23124495566
15,"Venus",6008.129146998347
19,"Earth",6389.5583371310295
17,"Earth",6319.602645183361
10,"Jupiter",69888.20253322333
10,"Saturn",58321.88018760547
14,"Neptune",24513.804639332662
1,"Mars",3429.9159986923974
6,"Saturn",58315.458054465984
15,"Earth",6409.788457779622
1,"Venus",6053.130559665172
10,"Uranus",25612.300940870533
3,"Earth",6403.0639127294
9,"Earth",6404.449354821392
12,"Neptune",24578.81316318306
11,"Earth",6412.6023686090375
4,"Saturn",58314.2633487634
20,"Neptune",24726.20473425582
11,"Earth",6402.895561999584
4,"Saturn",58128.78241681901
14,"Saturn",58228.19354954367
12,"Uranus",25413.517410090095
7,"Venus",6037.974015326395
2,"Uranus",25340.852951407283
20,"Uranus",25225.37089424547
15,"Mars",3357.720091374675
12,"Uranus",25424.937779804703
17,"Earth",6338.991198518494
15,"Venus",6072.323746681148
10,"Uranus",25413.224022390452
17,"Venus",5993.08710518963
4,"Jupiter",69838.57819767173
1,"Venus",6111.474308063267
5,"Mars",3334.229453289488
19,"Venus",6030.634515071142
5,"Mercury",2482.554076482457
5,"Mercury",2486.358282118788
11,"Mars",3463.964993417789
3,"Mars",3426.3644039895366
10,"Neptune",24618.168962767846
3,"Mercury",2409.5074237189306
10,"Uranus",25225.772273355415
9,"Mars",3392.7292133369474
5,"Earth",6357.025516222428
14,"Uranus",25430.73624780695
13,"Venus",6022.327938690322
8,"Uranus",25310.674142475083
9,"Earth",6413.84638663789
2,"Uranus",25430.575977943176
2,"Neptune",24888.040784899644
13,"Venus",6073.941103048157
12,"Saturn",58173.4421575274
19,"Mars",3374.8058166500623
20,"Jupiter",69974.5971868804
10,"Uranus",25365.41246690776
9,"Mars",3418.3708838573702
15,"Mercury",2457.839335990641
17,"Venus",6075.4895952503475
9,"Earth",6371.166180599754
3,"Venus",6037.884786835584
14,"Uranus",25191.625190605722
5,"Mars",3411.6264081100308
16,"Saturn",58326.084182032195
18,"Jupiter",69947.79484293246
8,"Saturn",58332.04951206925
12,"Uranus",25232.846046703275
12,"Neptune",24546.01887119237
15,"Earth",6334.955288969989
14,"Neptune",24479.968086226945
19,"Mars",3338.702249604332
8,"Jupiter",69982.57446463371
8,"Saturn",58288.241000707145
1,"Earth",6364.5261323718805
20,"Jupiter",69988.28038143144
4,"Uranus",25401.43891948162
12,"Uranus",25385.866289209225
15,"Venus",6076.5147566556025
13,"Earth",6383.593900603748
4,"Uranus",25550.94876652384
14,"Uranus",25333.18261209616
18,"Jupiter",69913.38269239248
8,"Saturn",58261.13461143846
4,"Neptune",24556.140108847187
2,"Jupiter",69957.53433412686
7,"Mars",3343.2605795531795
6,"Saturn",58374.33640933416
12,"Neptune",24731.29541657083
12,"Jupiter",69974.73153835926
14,"Uranus",25294.421970117306
12,"Saturn",58360.35785329185
1,"Mars",3402.8326665795853
3,"Mars",3412.1859552022424
19,"Earth",6376.672585517247
9,"Venus",6072.87448709873
16,"Saturn",58325.70816352683
14,"Jupiter",69917.5591457177
19,"Venus",6059.915012941619
6,"Neptune",24566.164786081314
12,"Saturn",58245.18572691965
16,"Neptune",24484.689480973484
2,"Jupiter",70008.96842801562
1,"Venus",6080.366961958891
19,"Mars",3400.0247818914195
17,"Mercury",2439.557291709978
8,"Saturn",58337.064761438196
14,"Saturn",58247.9535163458
17,"Venus",6095.7181357203035
12,"Neptune",24611.165278743774
8,"Saturn",58332.2263629334
17,"Venus",6068.0069476169565
11,"Mars",3344.992031773246
14,"Saturn",58308.58079867644
16,"Uranus",25379.385771233392
12,"Jupiter",69891.44490943394
2,"Jupiter",69932.78380526317
10,"Saturn",58366.05092795116
3,"Venus",6077.91497274587
17,"Venus",6061.885232532193
12,"Jupiter",69966.55616089566
7,"Mars",3362.557550310757
13,"Mercury",2413.7391497717535
7,"Earth",6386.606734139739
18,"Jupiter",69931.98451543986
7,"Mars",3384.1017084274413
10,"Neptune",24769.258528049
5,"Earth",6370.569245969087
3,"Mars",3401.7369738850766
18,"Uranus",25427.47400995548
7,"Venus",6033.0624199494405
12,"Uranus",25536.624745430177
14,"Uranus",25275.99615137947
1,"Mercury",2344.535028879189
6,"Jupiter",69971.60851208432
9,"Earth",6342.131242891231
12,"Saturn",58342.66343674379
6,"Neptune",24616.982057588873
9,"Mercury",2441.090475759011
15,"Earth",6385.042942984333
12,"Neptune",24779.439901245867
19,"Earth",6386.232965860507
11,"Mars",3421.9853719724097
18,"Uranus",25427.149354176698
16,"Neptune",24615.53854257859
14,"Uranus",25382.932358935817
10,"Uranus",25319.18522171768
18,"Neptune",24873.68377983076
13,"Earth",6407.909262945832
11,"Earth",6390.601024442458
5,"Mercury",2428.898996835088
16,"Uranus",25442.022449099186
9,"Earth",6341.609022969963
18,"Neptune",24722.70457869219
16,"Uranus",25443.2133483447
6,"Uranus",25261.20741696744
14,"Saturn",58324.83411574868
20,"Jupiter",69954.75349667246
4,"Uranus",25274.92606902923
9,"Mercury",2383.92712578177
2,"Jupiter",69945.02833087022
14,"Uranus",25436.652590059937
4,"Neptune",24528.216739116677
6,"Uranus",25438.596177738906
15,"Mars",3419.132479967172
14,"Saturn",58368.10523977015
13,"Venus",6039.301907248458
13,"Mars",3434.2666723786015
14,"Jupiter",69873.8347096851
19,"Mercury",2462.351716637231
20,"Uranus",25302.50398234445
4,"Jupiter",69856.23217321662
10,"Saturn",58236.25897293314
8,"Saturn",58277.891648540564
16,"Neptune",24641.66942288979
17,"Mercury",2439.8624474390444
4,"Neptune",24701.320890826082
15,"Mercury",2465.4264255088583
1,"Mars",3437.728452419443
18,"Uranus",25346.6771053414
13,"Mars",3343.8112554209183
15,"Mercury",2479.895691921551
1,"Mercury",2408.5069534527825
3,"Mercury",2459.5650048967923
13,"Mars",3403.5421576255208
7,"Mercury",2413.380400980489
15,"Venus",6036.025598433278
14,"Jupiter",69842.76026009953
2,"Saturn",58349.32218204492
5,"Venus",6007.246316696911
20,"Neptune",24590.541452787937
6,"Jupiter",69876.35946376632
10,"Uranus",25348.472225226433
16,"Saturn",58238.100622415055
18,"Neptune",24702.12494149882
2,"Jupiter",69904.66992698262
6,"Neptune",24545.507923781697
12,"Jupiter",69951.75705176569
20,"Uranus",25284.616440750822
15,"Mercury",2396.891815447872
9,"Mars",3441.1760203089702
2,"Saturn",58227.92756781358
15,"Mars",3354.3366207799104
19,"Mars",3421.9146950062145
17,"Mercury",2484.2255642069863
16,"Jupiter",69927.47253452908
2,"Neptune",24585.123779470265
11,"Earth",6358.12403953325
18,"Neptune",24630.801189327685
12,"Jupiter",70032.9130128937
4,"Jupiter",69931.41625765848
6,"Uranus",25294.45804475284
20,"Uranus",25586.38721233245
5,"Mars",3398.2904731037274
1,"Earth",6384.117700933509
19,"Mercury",2379.555737954839
6,"Jupiter",69896.36026638547
14,"Uranus",25441.795711703035
12,"Uranus",25488.559200614785
3,"Earth",6354.327780405057
12,"Uranus",25429.251685728836
2,"Jupiter",69872.53813566893
11,"Earth",6340.741666145773
5,"Earth",6328.348670596619
2,"Saturn",58355.566902561
14,"Uranus",25458.837642565
13,"Venus",6032.683790793505
10,"Jupiter",69979.13409247948
3,"Venus",6033.916354207076
20,"Saturn",58270.68519606725
5,"Earth",6361.379029921164
7,"Mars",3462.8591696726517
8,"Saturn",58357.460562444074
9,"Mercury",2433.474771431707
18,"Uranus",25515.49462929652
17,"Venus",6048.457456232722
20,"Neptune",24842.054426561885
1,"Mercury",2478.2196705308534
13,"Venus",6083.826541805476
17,"Mars",3411.1992974608006
6,"Saturn",58382.971818449165
7,"Mercury",2396.923935141876
5,"Earth",6409.286890066327
12,"Jupiter",69908.47547242796
14,"Jupiter",69961.49327163905
12,"Jupiter",69987.65618423074
15,"Mars",3393.8672385485274
14,"Neptune",24700.15220749672
16,"Neptune",24730.97374298484
1,"Mars",3387.6610988637667
4,"Saturn",58252.694878426024
18,"Jupiter",69936.92246932816
4,"Neptune",24618.306164891095
8,"Jupiter",69915.09292780074
4,"Saturn",58380.2648317047
19,"Mars",3365.990677017088
14,"Jupiter",69954.49627259077
8,"Uranus",25284.176002571105
14,"Neptune",24846.51219417678
11,"Mars",3350.418319071451
19,"Mercury",2403.425208656414
8,"Uranus",25422.672963164772
9,"Mars",3380.4139362954747
17,"Venus",6055.923762090033
1,"Mars",3345.7768973723205
17,"Venus",6121.248237931201
2,"Neptune",24672.71568702689
2,"Jupiter",69985.33939387766
3,"Venus",6051.495581432728
5,"Venus",6123.594979586267
15,"Earth",6378.403500615754
14,"Jupiter",69986.33465497439
14,"Jupiter",69996.6432322673
4,"Uranus",25411.172722061023
1,"Earth",6373.593762169659
2,"Saturn",58281.78767522218
2,"Neptune",24673.60497769001
9,"Earth",6393.838379939426
6,"Jupiter",69898.2931988576
10,"Saturn",58341.011729454214
5,"Venus",6015.55112039006
10,"Saturn",58228.04954262102
4,"Jupiter",69976.99428915564
17,"Earth",6344.273371722558
11,"Venus",6017.5537004530615
8,"Neptune",24737.809563722996
16,"Jupiter",69999.57815528728
7,"Venus",6105.6060258086545
5,"Mars",3419.562151938018
18,"Jupiter",69896.66427455316
13,"Earth",6357.8554183350525
4,"Uranus",25221.866354740814
15,"Earth",6314.427228627113
15,"Mercury",2431.041156220449
17,"Venus",6047.887437930964
11,"Mars",3409.9104292138195
2,"Uranus",25293.40695531617
8,"Neptune",24497.921828432813
11,"Earth",6383.709536653971
15,"Earth",6333.114879138061
2,"Saturn",58285.8232370895
15,"Venus",6033.235490989456
12,"Jupiter",69914.60426529401
9,"Venus",6044.647193238023
15,"Venus",6047.570136952352
14,"Neptune",24509.94655985714
13,"Mercury",2436.143028300969
12,"Saturn",58386.70328555957
10,"Neptune",24653.838253215836
16,"Uranus",25248.846889503122
1,"Mercury",2405.4289228689877
12,"Neptune",24608.01947663842
10,"Saturn",58326.62343669028
17,"Mars",3399.197380881396
13,"Venus",6060.683753819369
14,"Jupiter",70002.83351048286
11,"Venus",6040.221685053477
19,"Mars",3390.0964378449526
19,"Mercury",2428.797924139069
2,"Neptune",24711.930362072508
12,"Saturn",58255.81739626484
19,"Mercury",2494.0518068449096
12,"Neptune",24547.591117858898
13,"Earth",6404.128117414707
1,"Earth",6382.382990041995
5,"Mars",3377.680959095948
11,"Venus",6066.237471525487
10,"Uranus",25330.646030930104
11,"Mars",3442.6740588133584
11,"Mars",3381.8105496810413
11,"Mars",3420.550591860715
18,"Saturn",58367.81505450827
6,"Jupiter",69964.73289100872
4,"Uranus",25457.029873836073
5,"Mercury",2434.655089932618
1,"Mercury",2454.8542912954176
7,"Mercury",2435.0679947865406
7,"Earth",6394.033346823934
1,"Venus",6023.690216507762
5,"Mars",3349.6439706076726
15,"Earth",6377.310217376264
20,"Jupiter",69885.02497219337
4,"Saturn",58232.3707985618
19,"Mars",3430.2345691530836
16,"Neptune",24619.97612632636
15,"Mars",3416.137395325926
1,"Venus",6043.962429055158
12,"Neptune",24573.367624050843
13,"Venus",6063.119582864009
14,"Neptune",24742.93828156009
2,"Neptune",24504.059314801532
2,"Uranus",25430.405709957766
19,"Earth",6417.774191247147
7,"Venus",6053.1495192458615
17,"Venus",5996.264153994969
18,"Neptune",24512.927846641724
11,"Mercury",2441.6052141211617
10,"Saturn",58285.327263800726
11,"Earth",6379.092816921551
8,"Saturn",58270.698842296304
14,"Jupiter",69933.15639167873
7,"Venus",6124.597662699437
12,"Jupiter",70022.4742677676
3,"Earth",6403.5018649257745
6,"Uranus",25515.01507080381
18,"Uranus",25352.897311083492
17,"Venus",5988.186085272585
14,"Uranus",25414.538747141138
15,"Mercury",2440.9423192129293
6,"Jupiter",69968.46026718892
14,"Uranus",25183.23233881071
4,"Uranus",25400.10667143232
4,"Jupiter",69920.55432062085
13,"Mercury",2452.8286461716334
18,"Jupiter",69945.26664467633
10,"Jupiter",70046.84505486442
14,"Saturn",58276.71752348049
18,"Saturn",58298.95007802825
8,"Neptune",24592.25703595261
3,"Mars",3403.7726480080714
2,"Neptune",24591.51398227444
13,"Mercury",2419.721455829098
3,"Venus",6068.949259743076
15,"Venus",6072.3212625443375
5,"Earth",6287.713162066009
4,"Jupiter",69934.6180742839
11,"Venus",6051.1040095018
16,"Jupiter",69949.47003096154
7,"Mars",3309.1040648715298
4,"Jupiter",69974.22798169385
4,"Uranus",25329.611024351303
14,"Jupiter",69952.76031365409
3,"Mars",3363.4346109444414
3,"Mars",3413.5505767591053
3,"Mercury",2469.3358912897415
5,"Mars",3315.898438630029
9,"Mars",3370.8484829091003
17,"Mercury",2456.654652408708
5,"Earth",6365.84499441031
1,"Venus",6063.6245531025925
20,"Saturn",58348.95924925165
4,"Saturn",58360.544073774545
3,"Mercury",2404.8348059172063
12,"Uranus",25360.468791988867
16,"Uranus",25491.836216786192
16,"Uranus",25281.601726654517
10,"Neptune",24833.62912945865
15,"Mars",3452.856376482641
8,"Uranus",25275.370875981735
17,"Mercury",2445.6247666784775
6,"Jupiter",69879.82629233392
4,"Saturn",58367.41775895735
17,"Mercury",2441.6182459370843
15,"Mercury",2457.7523485169922
17,"Mercury",2421.095484935585
16,"Neptune",24668.075323555728
20,"Neptune",24531.59085517369
3,"Mars",3380.047081771905
6,"Neptune",24577.95952276801
3,"Venus",6086.994485933111
1,"Venus",6093.6487817470515
17,"Earth",6331.823193768065
19,"Venus",6008.636828437309
6,"Uranus",25249.891328876674
6,"Uranus",25278.377209456918
1,"Venus",6074.550805008838
10,"Uranus",25333.50814334554
9,"Venus",6019.058692985517
5,"Mars",3405.065687416381
3,"Venus",6057.5661197427025
20,"Neptune",24597.690652114467
7,"Mars",3346.8407407819336
3,"Venus",6079.454709287434
5,"Mars",3427.7833172337537
3,"Earth",6369.840170808174
10,"Uranus",25493.15323669187
9,"Mars",3391.350758011103
12,"Neptune",24755.502184587956
8,"Saturn",58245.262739106816
4,"Uranus",25457.97571552647
11,"Venus",6064.936011767575
3,"Venus",6030.760693678057
8,"Saturn",58251.22891707698
8,"Neptune",24684.31581609074
7,"Earth",6349.0920072467425
2,"Uranus",25419.37381546109
6,"Uranus",25257.35318146662
6,"Uranus",25460.24502168559
10,"Jupiter",69943.00784631111
6,"Saturn",58202.311606462434
15,"Mars",3368.514655779927
12,"Uranus",25365.698327911847
3,"Mars",3436.073441912657
6,"Jupiter",69883.1575073764
15,"Venus",6065.11280858552
18,"Jupiter",69919.90081233939
8,"Uranus",25162.974799681215
15,"Venus",6047.6126223344245
6,"Uranus",25456.074951191782
20,"Neptune",24692.429884296424
20,"Neptune",24690.542923687426
7,"Earth",6391.530154872753
7,"Earth",6376.976456969691
18,"Neptune",24686.660802947317
12,"Jupiter",70075.80153916976
15,"Mars",3412.2836227755333
11,"Earth",6351.8635942245555
5,"Earth",6375.649974334042
11,"Earth",6386.767562505912
20,"Neptune",24656.939682572876
4,"Uranus",25476.440654768707
19,"Venus",6059.0781746723715
6,"Neptune",24576.58830732122
2,"Neptune",24565.357552267484
6,"Uranus",25470.400447012464
3,"Earth",6398.900595908081
20,"Jupiter",69955.25456681215
16,"Jupiter",69932.33761690349
20,"Uranus",25399.471063874575
8,"Neptune",24620.449895071462
18,"Jupiter",69840.6514941695
6,"Jupiter",69946.34046758963
1,"Venus",6076.558022382863
3,"Mars",3413.2356343971956
17,"Earth",6429.542786638861
1,"Venus",6054.879742354472
20,"Neptune",24625.114248980797
13,"Mercury",2484.4137158774297
1,"Earth",6341.528560330399
2,"Neptune",24697.908128065297
12,"Neptune",24530.126445245256
17,"Mercury",2438.0411020745837
15,"Mars",3402.8639268833244
4,"Jupiter",69998.61170198834
5,"Mars",3295.9060174744736
12,"Neptune",24665.457723392523
10,"Neptune",24477.647047559338
1,"Earth",6368.4655413557
3,"Mars",3449.3235001211897
19,"Venus",6098.226953775929
17,"Mars",3371.1847687397553
20,"Neptune",24824.70207843167
3,"Venus",6031.60406331443
3,"Mercury",2403.42488762021
11,"Earth",6391.841236767341
9,"Earth",6348.111542082196
3,"Venus",6051.671270721836
4,"Saturn",58358.73399873987
20,"Uranus",25398.637016645855
4,"Jupiter",69944.95357734447
18,"Saturn",58426.89656644932
4,"Neptune",24534.637653267087
1,"Venus",6015.113664261239
16,"Uranus",25329.418352915854
3,"Earth",6369.895314263953
7,"Earth",6371.572659494507
18,"Uranus",25322.235140176366
11,"Venus",6037.290045971161
14,"Uranus",25328.897617079427
19,"Venus",6030.626959145208
12,"Jupiter",69928.83913653612
10,"Uranus",25368.77857886464
15,"Mars",3415.288382812038
17,"Venus",6072.798618591053
6,"Uranus",25413.375244476778
1,"Mars",3415.725471267633
1,"Mercury",2442.626941407195
5,"Mars",3367.9487430640515
18,"Jupiter",69917.33015218884
10,"Neptune",24454.134608669137
4,"Neptune",24662.06077836164
15,"Mercury",2439.6085151031807
3,"Venus",6113.470878104685
9,"Venus",6113.726502417801
8,"Jupiter",69960.74641758754
5,"Mars",3361.0352211867184
11,"Venus",6114.574934584947
15,"Mercury",2466.7044021111196
11,"Venus",6069.282102433151
11,"Venus",6082.948464366635
5,"Earth",6393.040037343752
1,"Earth",6335.76764344117
12,"Neptune",24707.769155174352
18,"Neptune",24586.86504165786
18,"Jupiter",69908.23899513607
17,"Mars",3380.3712762302325
18,"Jupiter",70006.73143446646
19,"Mercury",2436.8891703286417
4,"Neptune",24557.94867842263
7,"Venus",6104.550500837557
12,"Jupiter",69930.06669048386
19,"Earth",6400.6879938390175
7,"Mars",3376.6501270314193
9,"Venus",6046.218588826845
3,"Mercury",2429.1677942582423
8,"Uranus",25546.770348915077
10,"Uranus",25356.52318815807
5,"Earth",6383.8779409320605
17,"Mars",3335.5536173993582
15,"Venus",6076.280652358876
14,"Neptune",24539.105271561246
20,"Neptune",24585.85458762078
15,"Earth",6374.469556435296
3,"Mars",3434.7473010122385
12,"Saturn",58303.2550182921
7,"Earth",6412.184321264115
20,"Saturn",58366.40256585389
12,"Uranus",25375.59487295069
2,"Jupiter",69995.59662125843
16,"Neptune",24598.90121526846
3,"Mars",3377.0388727101504
16,"Neptune",24692.167790594547
5,"Mercury",2472.014172659458
19,"Mercury",2474.7904986503427
19,"Mercury",2444.723160150206
13,"Mercury",2419.1226957962826
19,"Mercury",2428.383778556142
11,"Mars",3425.095075427565
9,"Mercury",2464.4761625226397
9,"Mars",3358.550459684841
16,"Jupiter",69866.00579257193
8,"Jupiter",69932.60517954468
4,"Neptune",24899.838975245657
3,"Earth",6413.464499488514
5,"Mercury",2472.316516926046
1,"Earth",6356.438536521294
7,"Mars",3336.8226238515063
4,"Uranus",25142.267720630192
14,"Neptune",24834.610138489028
20,"Saturn",58364.520772528216
17,"Venus",6072.9107163999915
5,"Mercury",2448.554207762806
17,"Mercury",2385.2943886660273
14,"Uranus",25353.439042987517
19,"Mercury",2402.2439814792665
11,"Venus",6033.334666413598
14,"Jupiter",69944.38952552676
3,"Mars",3396.202751937092
11,"Mars",3457.7089827783507
3,"Venus",6048.778966428861
