8.1,18.9,0.015,0.025,0.051401
8.107338555098897,18.912594995541316,0.0007834935961628011,0.031101373004772496,0.05119300974687344
8.107531248375473,18.928148997414127,-0.015592799209865636,0.021643227325554654,0.05145672912456593
8.099596505346547,18.938869128450854,-0.03790783856816808,0.02409038118240949,0.05196304786889516
8.080488251029745,18.950666751921325,-0.0476557217523507,0.03659374983295704,0.051964480638994025
8.056425387473555,18.968652035084645,-0.05541580301331912,0.026199256570337483,0.051380426784807254
8.028552276806996,18.981394331109602,-0.06108632890613447,0.019242909197058452,0.052924716657527425
7.997885381142513,18.990610564333988,-0.04937229314187345,0.02838361548905579,0.05272079779967195
7.973015053393086,19.00447537906207,-0.0653310852466319,0.04666653557085188,0.05410197562574772
7.94003791976459,19.027364010585586,-0.06504489012352224,0.0383547857130003,0.053464827965151555
7.9072630343686745,19.046104443580138,-0.045751596131380176,0.03045204694267168,0.054036215624521024
7.884184342680425,19.061019603084123,-0.052364586622257736,0.040213378776900115,0.053426239558029644
7.857736622933888,19.08077421665963,-0.03567878826958015,0.039470712526194135,0.053817961378574766
7.839633868480255,19.100267185829185,-0.03710441259349525,0.05502216615779505,0.054095236892101876
7.820711892194171,19.127524033430248,-0.017444568116308477,0.05735531833081037,0.0543347820831243
7.811601156403435,19.156079691489037,-0.009864514068747839,0.08259039149419212,0.053013485936779126
7.8061222083964585,19.197304686480077,-0.0172508699269839,0.08294520249291236,0.05259241504909675
7.796952512822839,19.238659106660954,-0.03809739265452546,0.07906271729175929,0.05381140716294054
7.777374337263643,19.27792945208013,-0.04165036731332151,0.08045881409772535,0.05402578909638457
7.756008362866211,19.31787270962305,-0.011464734449001895,0.0667299465083523,0.05494214379376725
7.749818459642893,19.35115475431705,0.014169024429010661,0.07663126291944956,0.05619003074033959
7.756363836167005,19.389564858557314,0.008654763826846091,0.07461834340904687,0.05755384186050731
7.76015383634885,19.4269311411849,-0.003917823964425382,0.06140036793674585,0.057911714731788064
7.757750754074689,19.457598676274394,-0.006112571979047844,0.0610254975453307,0.05801033342682215
7.7542524139497155,19.488062825897718,-0.005453700510533629,0.06815384451745882,0.05737790106561895
7.751037155694875,19.52209596126031,-0.0012991886164119342,0.06668532639136289,0.057508336329779856
7.749908313652793,19.555424691386257,0.020921793874811974,0.04758615387306293,0.058565503150142674
7.760019377165037,19.579367519101474,0.013967619219593764,0.045608341246155676,0.05955326607059331
7.7666626641656,19.602272289481306,0.004881488745644883,0.02618741998604214,0.05954510304324863
7.768908145792941,19.615400396082123,0.020044203642670434,0.032046944665904215,0.05930670317621485
7.778691221483148,19.631570103787947,0.018619156167936052,0.027495368322800525,0.0593586033926335
7.787795437028744,19.645453910486182,0.007910914442980832,-0.0010129189921132195,0.05975134883544463
7.791757870712175,19.64500660790873,-0.0026893563803264773,-0.012188757919544175,0.06015839320640611
7.7905050453819555,19.638892926002047,-0.004319990433706145,-0.016019635930303668,0.05969801225389301
7.788464904574198,19.63085206293089,-0.004522912427414063,0.005734556230938877,0.06049052377189601
7.786160435648914,19.633684707352806,-0.012913546610919934,0.01651196535223304,0.06039029982441617
7.779580007608933,19.641841961312135,-0.03824676221422456,0.02507255974365867,0.05921530591685017
7.760273848992005,19.65409333115085,-0.02714995333373126,0.030684963757997605,0.06023646373158233
7.74646989781146,19.669229081892563,-0.04137846950996415,0.02350654739570048,0.060949280289643
7.725604790735572,19.680665312361707,-0.044480372097012916,0.02184341407808985,0.060910510195689015
7.703201743740787,19.691246692030163,-0.07051284715109632,0.009780602106052225,0.06207156704937365
7.667875098769261,19.695589146597328,-0.07179699103478374,-0.0008329604782894816,0.06253151473261775
7.631988961968616,19.694611583099302,-0.08696960622371981,0.025143378013668064,0.06219955686811176
7.588315695625097,19.70650511628323,-0.09829533626248534,0.011666660810556905,0.060997948276392606
7.539086698161912,19.711588123746843,-0.10079057712157227,0.0009850866450908206,0.060726304195372116
7.48869167564726,19.71131557026288,-0.12240850100112423,0.019504162487410787,0.06021802347485653
7.427349870532627,19.720144847968612,-0.1297567595045373,0.024102165563608294,0.060159487169970834
7.36230004082529,19.731218424603433,-0.14673132965249278,0.03814377224874303,0.059861782788638
7.288659931745681,19.749189595329415,-0.14699144221878552,0.03414739877163828,0.05933089262029483
7.214921759124175,19.765170728833304,-0.11905200520588113,0.010019975455590722,0.06031089584635258
7.155329244295228,19.76928250866466,-0.12355817420592141,0.009952258355297198,0.05958459940656744
7.093485176095201,19.773337699281957,-0.10247952624662574,0.03491086069147278,0.05977749317182146
7.041992200647355,19.790024841669513,-0.1067984109605986,0.005740351585182241,0.05972402859524927
6.9885580797494375,19.792097346234527,-0.0880333813461678,-0.00024347414859912306,0.059095109695494336
6.944549592036331,19.791325381393005,-0.09151749034283577,-0.010709348530303368,0.05831462019333044
6.898875388631183,19.78530441210581,-0.06866976379309436,-0.010064852036106752,0.05832934815980513
6.864618753275586,19.779772052137513,-0.05710431457384721,-0.021420831412200116,0.058754666345341246
6.8362280131064574,19.76864381397193,-0.07339277666045518,-0.02159701118028496,0.05904536562629843
6.799696344087838,19.757305228382606,-0.09620148057764767,-0.033409175672946156,0.05811252578133897
6.75184504119386,19.739904226253827,-0.07638198009999127,-0.06412620419210151,0.05869941341386046
6.714130021440976,19.707285320231897,-0.053260605013247364,-0.04335766229027953,0.05870357870082485
6.687821675960993,19.685218806314214,-0.021813177741339503,-0.048238281267296866,0.059538441611712886
6.677275675433678,19.66094089960835,-0.03533420276233084,-0.03575784187131265,0.05979620563102359
6.659878459027623,19.6428005554709,-0.04010234959180593,-0.03616988192927435,0.05945928979694945
6.640099047448878,19.624420243255738,-0.02445171297692081,-0.0629797484508493,0.060152644218852545
6.628348548202521,19.59275127582104,-0.008889266250976054,-0.06624983328447985,0.058946014687311934
6.6243926686476815,19.559565661064177,-0.007523422469984508,-0.06515938953212745,0.05893632713010127
6.621111498967843,19.526935259962507,-0.008758870464551413,-0.08078160004623747,0.058800485135770804
6.617326401511985,19.486485904890614,-0.01655705450124237,-0.09947047559170849,0.05906537546508742
6.60978343184988,19.436635661761006,-0.013168659690447863,-0.1142017709971596,0.05869259962232328
6.6040378367649275,19.379446365915083,0.0018540769421377147,-0.12566108503465057,0.05867596382558224
6.605886336809834,19.31663843397472,0.011448605223879797,-0.1142368817282582,0.05745908785607157
6.612430288937883,19.259610072899157,0.03442639114229791,-0.12693859096386248,0.056634834885617075
6.630539767345193,19.1963929598328,0.05428560434347458,-0.10716699399356494,0.056185793204913265
6.658431607746721,19.143197745564247,0.06279710643421163,-0.13769288226867912,0.055662181529767985
6.69078408166544,19.074797091602953,0.09683894398473152,-0.12817050972963143,0.05477388451123522
6.740074995829298,19.011382836771904,0.11236547321811713,-0.10645508506051192,0.05510596064808549
6.79698386635732,18.958935980702297,0.10578210331240386,-0.13040215866214092,0.055588915296113255
6.850774164259695,18.894478287761054,0.11338900107800445,-0.13342283902456664,0.05444465275249572
6.908369626711603,18.828546737861128,0.10315036488208185,-0.15089165631268986,0.05534278452795176
6.960982006448554,18.753824070576847,0.07917109684045043,-0.1649871613246627,0.05475097879785338
7.001691691260207,18.671882596259074,0.0834746561847009,-0.15951122653244443,0.05590781812652847
7.044538251819279,18.59272069245644,0.09081139840177077,-0.1756099447890843,0.056346339607806974
7.0911747350222045,18.505566904069276,0.09191907604895967,-0.14734198257844122,0.056282700282641464
7.13816473929355,18.43255227522454,0.10182427991138539,-0.1696919319815529,0.056182957588932284
7.190261829414292,18.34843251951869,0.10347494588659953,-0.1315614605046334,0.05705388623086924
7.242930483381761,18.283398616745146,0.10209040353845748,-0.1377017889024431,0.05658964324883118
7.294942871222731,18.215279018156263,0.11258707011914033,-0.12294856835244569,0.058293800615093955
7.352124264995509,18.154633770721745,0.12125112319306455,-0.12569609684007857,0.057816785966655404
7.4136497376425785,18.09267070832641,0.1301856173895178,-0.10927425213844422,0.05822109228578899
7.479528555324562,18.038988675431504,0.11881453152561576,-0.11622691912142126,0.05803134841827838
7.5397705269715445,17.981745180373142,0.10094204547967522,-0.128716883885394,0.05744384616371106
7.591158796235247,17.918120349392847,0.13361414541398406,-0.1224974971112304,0.058150220100891346
7.658846800974144,17.8578513731122,0.12790947942065742,-0.10745407348588538,0.056680249118793095
7.723554244521552,17.805037709996785,0.1179959990996573,-0.10155125249592549,0.05578502082886695
7.783252678305527,17.7550914151478,0.13944554552925015,-0.10488845671867901,0.05738965095668483
7.8537182706188435,17.703654656287885,0.13662689595967972,-0.10207925969432645,0.059055957617166234
7.922775285735625,17.653630948781778,0.15048569724768218,-0.09348083523046803,0.06035527163919449
7.998711918527704,17.608032864663425,0.13602955660492366,-0.08383739580397757,0.06093637339172477
8.06735471813823,17.56715671538323,0.10343575708008029,-0.05331137940344566,0.06006514986069592
8.119465061905492,17.541281584702695,0.1254094484637744,-0.08144890866469909,0.05892623423963965
8.182760605747093,17.50148669359264,0.1346400498033957,-0.10027003378761684,0.05881660512892691
8.250808067211805,17.45234871540762,0.13274212269024188,-0.09210615085259069,0.059934877642103604
8.31785918966378,17.40729694358367,0.1337203250644044,-0.0704299834138218,0.06076481973221641
8.385243983342676,17.373102977701745,0.1310743015728013,-0.08089044965640713,0.06066256588504404
8.451384416461982,17.333657790835254,0.13649323016634882,-0.057866453107210614,0.060039864280641196
8.520055035542292,17.30575321228728,0.14595409824865682,-0.06313754483539877,0.058098775939027895
8.59348031579492,17.27524877442527,0.15384375280719406,-0.06391552305103726,0.057652489542298235
8.670852118805069,17.244404046261106,0.16790474110447018,-0.0902400625158901,0.058524848547570216
8.755452622257968,17.200518691324085,0.15344077648169818,-0.08664439200820534,0.05792226797503575
8.832789572227568,17.158313428201392,0.13370297640602263,-0.05337661873936545,0.05835273859910811
8.900020882529242,17.13260407779517,0.15084777646202485,-0.0743999028148864,0.059072391203309614
8.975983137353495,17.096523321326544,0.14394181363813158,-0.06310176638777883,0.059859669655883206
9.04841542057337,17.066054106720976,0.12893392474208512,-0.055705747924184104,0.0595129957750602
9.113287241078433,17.03916442770419,0.12401182170111055,-0.048567130785775535,0.06009889055716448
9.175648647160632,17.015816068210594,0.13393692290843912,-0.044474944152727576,0.059884699488423745
9.242939998575293,16.99458444044202,0.15430319734245376,-0.06874032203620381,0.05972064591886639
9.32059324645641,16.961371187065172,0.1486661438652315,-0.07950443773471744,0.06181341380313238
9.395528741015484,16.922773900409407,0.14383927949450576,-0.06280600386003164,0.06143247645891559
9.467919325210989,16.892480299854537,0.12822748470541528,-0.05192314989322338,0.061752462430969775
9.532423646954037,16.867512566487655,0.1296806228503277,-0.031864655364270876,0.06003591242691282
9.597493331126687,16.85255574514897,0.12416905835693222,-0.02542740548106537,0.06081548707631843
9.65976157581469,16.840787854055705,0.10160161010639393,-0.03084168751166559,0.059687273321050935
9.710784930260695,16.826127283398574,0.1058403919934224,-0.03693905670680127,0.060051405720554396
9.763974434432715,16.808454953452134,0.11650655321443586,-0.019489883681843703,0.05936582599329734
9.822363775674305,16.799575942546525,0.09523959612552503,-0.01680589812760758,0.06003382146111922
9.870102528851316,16.791888901242057,0.09473867127402091,-0.017776655148899555,0.061042233729377206
9.917600140750048,16.783724779973387,0.0781150195553834,-0.007870631745657126,0.06003577865324463
9.956710845679472,16.780376223061435,0.06172936216271539,-0.026989276757689737,0.06044573818901364
9.98777473605265,16.76735001307829,0.05087655952988834,-0.004044378501142226,0.05986778068286972
10.013239480780204,16.765708830717227,0.043310698695818446,-0.009781604558286291,0.058722047884581706
10.034963513182248,16.76113661988739,0.049987973955563744,-0.029570255038367292,0.059495309078380465
10.060173709247314,16.74672540171943,0.06552269423285383,-0.015840006914324276,0.06003860103323536
10.093049003613228,16.739298287173906,0.06279320284687184,-0.007501824150494708,0.06076996478826315
10.124497755437014,16.736024908135203,0.0581495597223837,-0.01880548097559749,0.061829615881082385
10.153713234651752,16.727073050140653,0.056667990800483375,-0.01713584718674641,0.06266465985730559
10.182176809819072,16.718950377088024,0.05861557453739507,-0.02132890772308703,0.061756352023335605
10.211644576360625,16.70874006739291,0.07212622250540604,-0.03769503727835605,0.0628294000321613
10.247997776451239,16.690462057978106,0.059014949173159824,-0.019362612043265948,0.062222447847536916
10.277651077673156,16.681241283453023,0.06904331539213841,-0.0292360607606685,0.06200214017068183
10.31239377517999,16.667160655753353,0.05738445054497644,-0.026482304283056517,0.0626770403606936
10.341288766307278,16.654371220014195,0.04626027717009875,-0.019060395415698823,0.06337465271672069
10.364566014918164,16.645209052546072,0.062476434880476786,0.005823607710947514,0.06343920733073072
10.39575281756008,16.64861575854938,0.06281295763842154,0.020156967177308634,0.06321474230913147
10.426994803400138,16.659188860907317,0.09287167830491161,0.01479266578522595,0.06225829920607992
10.4733080318619,16.667306695050524,0.07764998307020264,0.016953440227655447,0.06066232393720943
10.511998526108792,16.67637087390364,0.07076869948951692,0.02033447805526036,0.05975464062783895
10.547225738126187,16.687065155816413,0.06856931780606956,0.017421964167392907,0.060094108196835576
10.581374378589054,16.69628986495943,0.07335348569416299,0.021663071031739034,0.06044578911415311
10.617881870406388,16.707673948066976,0.07432828249957031,-0.0119274006657762,0.06010986981783165
10.655130029419677,16.702269586412353,0.06229228259854109,-0.002658736338371365,0.05997865389906539
10.686291434265769,16.70140740840392,0.05748795536529126,0.0037420286656185252,0.05988564764223307
10.715003107329903,16.703708448944226,0.05657841292922382,0.008925820673088754,0.059927140965671914
10.743221223541074,16.70859448260632,0.06244687215153513,0.010847008531263587,0.060197904527256395
10.77435833063156,16.714487028889824,0.04899526273351818,0.015690506359999024,0.06099788426805071
10.798732537596791,16.722704612833365,0.017809534552999315,0.014512884959715025,0.06118240953102626
10.807524933055586,16.73009611673469,0.008048388251157518,0.0025575785454989754,0.06207249673048082
10.811528638344447,16.731437143650233,0.010630922550325012,0.0034320495246635526,0.06220830045266775
10.816816556976704,16.733235551514525,-0.0039203392920874516,-0.01979367994322815,0.06317998931931561
10.815013020893984,16.723309399216323,-0.0067736474603262795,-0.005524645569824698,0.06368160279105976
10.811670742986042,16.72049362812953,-0.01399903112575214,-0.00950794932189846,0.06329922552788751
10.804747620380308,16.71562969037062,0.0033568577208187254,0.012095997595058614,0.06272649844440187
10.806330939416169,16.721703016028357,-0.0011443788338554237,0.006756693776853931,0.06338084689149791
10.805705319625897,16.725071731772115,-0.003001803269884742,-0.0014490838649755377,0.06329944692088807
10.804216133374002,16.724323561218206,0.03112639335816158,-0.002514176601714411,0.06357383178451013
10.819796687120174,16.723314016787345,0.027308624378825926,-0.01625969069766965,0.06449709234833316
10.833579709242711,16.715405727274817,0.020869864004183423,-0.028267776361196602,0.06455956057010417
10.844240928761948,16.70144269754694,0.020981205320729057,-0.018359794354355835,0.06555455334551304
10.8548800856396,16.692436355319384,0.030559211931686238,-0.031544246433349715,0.06484114524603239
10.870412663269676,16.67691466004664,0.04744426944460414,-0.05552719039881747,0.06438318536576779
10.894577539585464,16.649537653504638,0.05843565858600385,-0.05620254285932997,0.06482781705927342
10.924245648952493,16.62191479320135,0.057131215015258724,-0.08332204976902488,0.06506588697559608
10.953483835905189,16.580725737545997,0.06277722011212908,-0.08234622087341997,0.06553209567790853
10.985541309427102,16.54007418839406,0.0791736646476178,-0.08037577786773019,0.06656621348771029
11.02578956049901,16.50055244441014,0.07716589759642055,-0.07743159691729976,0.06666384629642892
11.065010541580715,16.46248677694921,0.11292960204731332,-0.04598337807942871,0.06716960518420613
11.121850777774897,16.44044750034658,0.10620712511133598,-0.029379822755497005,0.06662768931369037
11.17518918446206,16.426644766105568,0.11109468056128158,-0.026402919340777424,0.06654930320971224
11.230945891672837,16.41436981634662,0.1039328101719,-0.01095617830993735,0.06593392970228308
11.282993174050674,16.409749229169268,0.11549316301621378,-0.00853653100477458,0.06632986061259241
11.340799941985523,16.406439238984554,0.11100318420859048,-0.020447116048543053,0.06695111459911447
11.396462272375508,16.397146476910155,0.1201363422021638,-0.0016250672635721025,0.06834529170125488
11.45653263505496,16.397360345706215,0.0845998209410529,0.001744394340848387,0.06822818026456857
11.498809465769972,16.398953815222548,0.0998562251043188,0.018672748917921925,0.067885346645202
11.548569556260365,16.40913566249478,0.1113699057386617,0.017929726746429196,0.06752336010634104
11.604092610923898,16.419038742359085,0.13321422368033914,0.03306644206071837,0.06862865504557848
11.670403016838822,16.436711396006327,0.13942004501434835,0.03217563854235756,0.06802743404380941
11.739826021597857,16.453981547562897,0.13239233301572076,0.035572043927388795,0.06925578986844981
11.805701044213219,16.472910017658695,0.11768132495774503,0.0428815654043918,0.069592805205412
11.864156840050361,16.495370092311962,0.10739562624321246,0.052536678666199585,0.0698338252342403
11.917385184461368,16.522570479964998,0.11301747898697821,0.04426520727719527,0.07000924283127002
11.973495052261296,16.54568749647715,0.13078093415185366,0.031956512729112915,0.07050145729687056
12.038590384233155,16.56281485537806,0.11951869556906651,0.04488940166499806,0.06958854192430744
12.097947240782695,16.586294564325577,0.1007461466012536,0.0527417286231123,0.06909273298423453
12.147854831573962,16.61353020035287,0.08228349238463174,0.07033824910546486,0.06908866220025457
12.18838100923488,16.64940286709631,0.09791191122755653,0.07745455013176288,0.06951174008439319
12.236654176893545,16.688973013510694,0.10527274670606832,0.06553608718160611,0.06990622548630286
12.288707218822555,16.722654194174165,0.11227119310770274,0.0515767665870743,0.0709694285865279
12.344373536757404,16.749433039135756,0.1266929941300026,0.060923417948307815,0.07135832488446871
12.407163228149455,16.78101824065083,0.1454278284145652,0.05618636471901256,0.07091254980321898
12.479363920337939,16.810394484392425,0.12335577049770802,0.05191286367615325,0.07024938305581463
12.540573314950883,16.837428676279085,0.10766000109762172,0.060529264759297666,0.07050943487780122
12.593858735073761,16.868635822208116,0.09972876676519966,0.09278291663891775,0.07032047550307786
12.64289736167895,16.9158942540859,0.08539707280870838,0.095708571088938,0.06983084310002007
12.684751881667655,16.964484160110786,0.07785739820257825,0.07042543938898405,0.07059144915203162
12.723051133737044,17.000376505997234,0.07690607099378964,0.06564384807183625,0.07139886274374745
12.760910202219062,17.033877761688537,0.07654078080313241,0.07258575029323994,0.07072916385952893
12.798530941654088,17.07083970999277,0.04815187198074302,0.06271172430854917,0.07051245587527907
12.822049202757773,17.102613446036067,0.07900736769222619,0.05781827099195299,0.06965941740871998
12.861041502553803,17.13220461825648,0.12161887899785044,0.07774451637663767,0.06858616124779039
12.921172564523218,17.17211182715713,0.1298244701556389,0.09075907595061822,0.06948990826046049
12.985283464242984,17.21860980810432,0.12938044902570456,0.08337138151367408,0.06949488945818777
13.049236509123356,17.261410907844116,0.14392526032504133,0.11488692844569505,0.07011870538819227
13.120177535751917,17.320103957346966,0.13829251952279217,0.1240007536955062,0.06990977435218634
13.18822621762157,17.383300085975982,0.12672117901249216,0.13958046643766192,0.069042993301232
13.250369711029837,17.45417000070671,0.11440984096458764,0.14915587132985847,0.06852535850967911
13.306285944766024,17.52971324672145,0.11294651936240174,0.1463535170794497,0.06865986426554489
13.361492159174837,17.60384489882047,0.09442232526701358,0.1587634353047488,0.06876179243176195
13.407329548512585,17.684022479690483,0.08568127763643375,0.17943372705377567,0.06908439274418651
13.448612313828862,17.774461334449796,0.08163978253375438,0.18220894923354644,0.06908043297204465
13.487850861323993,17.866252588994254,0.09469292913997303,0.20290286344232628,0.06917911423225978
13.533433480162222,17.968502556858613,0.09531498526808582,0.22638656053031983,0.06915474473230593
13.57912470872609,18.082497136271446,0.07314705187683393,0.23007865263898092,0.06841374003013123
13.613723726781355,18.19813950105768,0.07903283179807609,0.22921589665211883,0.06891989216827261
13.651257825809646,18.313405567545363,0.062477191731517875,0.2387959753061554,0.06906161000267624
13.680428964530671,18.43331912206197,0.04856618156823219,0.23857211319847235,0.06961719225589884
13.70263127142126,18.55300367900548,0.059078076827988726,0.24534547207715793,0.06875812796037162
13.730056012145182,18.67615996381443,0.05785899844417158,0.23010031578378365,0.0678513625055423
13.757028571957948,18.791678732863986,0.04853858291490215,0.22427745677419167,0.06851030563832852
13.779372640531955,18.904211165149732,0.028330290242131864,0.25376906796225424,0.06760684274081827
13.791390726642605,19.03131092834672,0.02375207639033031,0.2704232908395813,0.0670183113329887
13.800999340368367,19.16669623053814,0.015953320748662046,0.26688627510233137,0.06708138204206701
13.806736827499547,19.30024810820879,0.004579992572496873,0.2648442132591944,0.06832868218580877
13.806764541335376,19.432683570081686,-0.0020204891785157476,0.27147049430705256,0.06759088374620663
13.803461091005628,19.56837591157848,-0.004089283533140844,0.29906724680357577,0.06763511148591828
13.79888864906828,19.717846465727813,-0.0039060456144539984,0.30985269833927265,0.06777610315337639
13.794311175202715,19.872710074793797,-0.021090378468285403,0.3233663874906649,0.0674701138881115
13.78104104877828,20.03418474850341,-0.022337161112998664,0.315504219326606,0.06759746864800902
13.767208937466407,20.19171810110165,-0.03655514160125556,0.337266896120779,0.06837679677674277
13.746052554089173,20.360006289972592,-0.04355988493106505,0.3161235219183246,0.06952053986207259
13.72153013924896,20.5176577222468,-0.06436316385926802,0.3032634744767241,0.06963874102892183
13.686715465569106,20.668698607302556,-0.09293946999947937,0.2850797843101562,0.06911917342094792
13.637792165579711,20.810407219541947,-0.12265830836563173,0.2892004691453112,0.06928222677654902
13.573970970446798,20.953916386770334,-0.10677254254560284,0.2782840443203131,0.0680952089696348
13.518226515703105,21.092122777805603,-0.10553526826101373,0.2752128838230373,0.06873560281850732
13.463104885973491,21.228795467900856,-0.10475162118418224,0.2766977352754018,0.06757527853341633
13.40840202174894,21.36623327043429,-0.12042800635854564,0.2768345622807473,0.06826202327647868
13.345837777084146,21.5035961961553,-0.12226231418130017,0.27092587452770855,0.06734524854311771
13.282437690748145,21.63800440986326,-0.11961121664981249,0.2698744465769538,0.06827575432395168
13.220340686431996,21.77189470637125,-0.14325091347946303,0.27587004009625365,0.06849379649872517
13.14636753739902,21.908576410154932,-0.15964815108934097,0.27424137565088574,0.06823846507694914
13.064219949050099,22.044308859329025,-0.1628759455767092,0.2805257699923022,0.06946820580109109
12.980362642677695,22.18312934720781,-0.1757381467810734,0.2733774111904121,0.07057328530697614
12.890100410612215,22.31823954686996,-0.17433737658407158,0.25132397220236147,0.07102012171423328
12.800719142652401,22.442327605331723,-0.18110348370668497,0.23545533143253214,0.07105158360464822
12.708095482539704,22.558422216947772,-0.20882099775756674,0.23271796649035173,0.07110170629689733
12.601638862970091,22.672900945743088,-0.21368482469255076,0.2335157454572147,0.07039310075845753
12.492763983536932,22.787754665332123,-0.21183082566091374,0.2104456910087476,0.06951749487658015
12.385041373684068,22.891115766037675,-0.20804137340248613,0.19765053417912296,0.07027621542926953
12.27930600335108,22.988093340992705,-0.1780957239443725,0.19114157464874415,0.0693170650353211
12.188619962054041,23.082102016326992,-0.18743543226494253,0.17918603891548332,0.06983053412487383
12.093357363049527,23.170040910105584,-0.18870913051917113,0.16400253297112422,0.07040569792814744
11.99757909453148,23.25036463783735,-0.19572281139438685,0.15593698603250444,0.06900971907018626
11.89839209390814,23.32662948089193,-0.16895582597003267,0.1470779737450435,0.06986847765746299
11.812646979061421,23.39867807510156,-0.1712737306222703,0.14078823447724223,0.06956482604190063
11.725803264974733,23.467568820943097,-0.174802148736451,0.13796137782902998,0.06913768878579303
11.637227424397471,23.535025245330182,-0.18679422116766703,0.14947616494540003,0.06961743508110396
11.54254853632253,23.608122883325937,-0.19490606980392808,0.1400059828607776,0.06890666251408036
11.443908981412886,23.676433401490954,-0.20352030778299643,0.1268355102954776,0.06895363204506937
11.341075873017573,23.73808458449098,-0.2011065289468605,0.11056274931959513,0.0695886549418788
11.239581254267616,23.791605640343292,-0.2012505485499391,0.10082102907601412,0.06890460882040667
11.138107591890126,23.840272968076405,-0.201959966825902,0.07845251280784013,0.06985425931667306
11.036463177577104,23.877727958364442,-0.20794396011941074,0.07415428546542926,0.06973869045336556
10.931865903309992,23.91298505427719,-0.21812736049415357,0.06969188079847215,0.0690688755988533
10.82222226780891,23.94594102943627,-0.24509560148810677,0.06519176029521861,0.06876311526409996
10.699138316054094,23.976424003458007,-0.22396279330050556,0.055193752607809364,0.06828158675189688
10.586707628403104,24.002104137755982,-0.2176733308264743,0.06979803052758965,0.06944594967119933
10.47728699418703,24.03510676401979,-0.2220710425244223,0.0750678953941121,0.06884687153083384
10.365627440712164,24.07072237601433,-0.20176891273980047,0.07127932067831944,0.0681199150585889
10.26415560491031,24.104637251874063,-0.2166560505264622,0.07201914965387732,0.06708391929012011
10.155244031912988,24.138823478106275,-0.23790636730006817,0.06420917474740034,0.06824785731119277
10.035766218436493,24.16889245714488,-0.23743568103012344,0.03526079472913326,0.0687731861597483
9.916768677832607,24.184478430323555,-0.22354930409237317,0.04572618348974831,0.06833253880126364
9.804625235625178,24.205427798488177,-0.24364748061693733,0.051689899735546586,0.06930460956227451
9.682378125750132,24.229157050820508,-0.23985655113910098,0.03769417200484123,0.06892635282895467
9.562148855701153,24.245934056102676,-0.24284026974219428,0.049271502005538786,0.06866004896805165
9.440329737948675,24.26848099489373,-0.26227846301308516,0.03791088278236531,0.06950276643066351
9.30888756932728,24.285154215695734,-0.28570548581375477,0.035596220830546296,0.07055350186501896
9.165750556206469,24.30042920584237,-0.29381248674893085,0.04799115946255304,0.07012969819026918
9.018453758000506,24.32184450987221,-0.2998683303353173,0.013115936372104318,0.0699710009220029
8.868435471962975,24.32577864693593,-0.3071300815135694,-0.013985262345404191,0.06860070622757353
8.7150204544459,24.316153977477786,-0.2995413441987744,-0.017243133241916342,0.06783989266128485
8.565424708306617,24.304994200994205,-0.30795423416948725,-0.031298085440822514,0.06761293908000666
8.411741413291228,24.28674567543922,-0.32354026194117025,-0.07028841911520266,0.06813325021306413
8.250601134901306,24.248853048440846,-0.31692677125311375,-0.08502697782914594,0.06749198738392816
8.092885085596775,24.203674129592798,-0.31100681876500114,-0.10097428104765757,0.0675524731620907
7.938263793539607,24.15057067778317,-0.32212168174256517,-0.10622575560912152,0.06693293332960634
7.778121683022914,24.09477289676646,-0.3240400611384789,-0.09342566136948616,0.0679389484675575
7.616926139345987,24.045317446399032,-0.3171254022583609,-0.13166675254475788,0.06765143088034793
7.459506998206326,23.976815130889534,-0.2850463114415836,-0.09250799526625005,0.06809424941777163
7.317798708274217,23.928144051602334,-0.27984450728479654,-0.08482403026487788,0.06633862364001854
7.178605434563984,23.883419463333798,-0.2979830097610768,-0.08163191560988317,0.06636161673248324
7.030318358388954,23.84013939210305,-0.30272478379393736,-0.0810513013304006,0.06695131671834671
6.879662482930963,23.797088068707676,-0.31523749212753244,-0.11558162060828438,0.06738361450943962
6.723047001342255,23.73665321216142,-0.30277733900896847,-0.11758986346065205,0.06666798681038419
6.572666210527635,23.675346207381985,-0.2942607633000038,-0.14053343712343322,0.06745741168099229
6.42674861424279,23.602611787470344,-0.28919533447417595,-0.15168531855679698,0.0678684504436981
6.2834654043326434,23.524330513743003,-0.2932593602747682,-0.1403956790295789,0.06663448291690335
6.138032141138596,23.451703238274487,-0.28587535607862835,-0.15722353264408423,0.06698943591927276
5.996437604861606,23.370712565355362,-0.2874105474110072,-0.186721325162007,0.0656891501695771
5.85429122498014,23.275008930409626,-0.29696552720132346,-0.21119572613989726,0.0652838971718489
5.707558134945424,23.167006650505293,-0.3126212735969209,-0.2424907456255127,0.06422793773515129
5.553221031891419,23.043272455053334,-0.2882936126591587,-0.25857502093499996,0.06465949980603333
5.41118906934094,22.911677553416894,-0.26692091884277275,-0.2575032670939038,0.06430562704711965
5.279821289363074,22.78080272290543,-0.2555742144372446,-0.26410613138499106,0.06458545680904414
5.154188382427542,22.64670948941031,-0.284957201752826,-0.2756167461149884,0.0650772413597675
5.013976771417235,22.506607608711526,-0.29067844472675425,-0.28911371022913473,0.06506590141193899
4.871014408496918,22.35971230353678,-0.30151212545356193,-0.2927749137009894,0.06532889502336055
4.722675773071912,22.210888914205913,-0.2936720699307194,-0.2942110298042761,0.06591516210232701
4.578290220481743,22.061390567663967,-0.28747453925353467,-0.2960904726625164,0.06550264420753969
4.437002767998514,21.911018214262196,-0.29613618204023295,-0.2884865206398227,0.06541026514087965
4.29131960904089,21.764379589492343,-0.27265750535037503,-0.3384584458631406,0.06432225712489616
4.157735423666392,21.592987484109546,-0.2621018935812177,-0.35722684071669847,0.06478109754946729
4.029599831428157,21.412283073599216,-0.24399371265429537,-0.3916533120771627,0.06463743686725819
3.9107883694537,21.21451928648544,-0.23990210801337775,-0.42176019952999394,0.0639731566602306
3.7942301477430767,21.00175689656959,-0.20533607271583473,-0.418503803728899,0.06527463452050467
3.6949947445727642,20.790866885798188,-0.2173471290913191,-0.4177142981435003,0.06497786124749823
3.589732771356292,20.580281288632616,-0.23576394785077584,-0.4397033638419879,0.06519514207809489
3.475454671369403,20.358547377554533,-0.2558297255442298,-0.4334344151246356,0.0661007919423404
3.351144063615317,20.139755996216497,-0.2646272822824657,-0.437461367212852,0.06615633772536218
3.2224718253866538,19.918877051391835,-0.2775712696233581,-0.41929372735251186,0.06660833354313324
3.0872025796255063,19.70695808479056,-0.24984454991992044,-0.44068018436034395,0.06683304507366913
2.9659847099925383,19.484571958174268,-0.25156086562007945,-0.4412247424267924,0.06588042707274742
2.843860203225203,19.261928051141446,-0.22277280957604603,-0.4472933681123987,0.06657102635981597
2.7362161189558503,19.03646905642934,-0.20646755882638576,-0.4397492533795929,0.06659615890262026
2.636661778605031,18.814916474435137,-0.2153220917916925,-0.4116255067019448,0.06602547676397416
2.5324171999783767,18.607364171325138,-0.20370041009704906,-0.40898107931546085,0.06668840933364036
2.4339948386689216,18.40121362316733,-0.20121820085216585,-0.4228531656821838,0.06746107119207317
2.336970243015161,18.18813049122718,-0.17510838812880347,-0.4457566866333541,0.06774870708284446
2.253207361262735,17.963811990835232,-0.15773570393576378,-0.45368148983769274,0.06703654637920596
2.1781555752579944,17.735692085139103,-0.13868124206472981,-0.4344409871242051,0.06629575421292903
2.112427521368358,17.517362227079083,-0.11747744801151855,-0.4615508673272654,0.06660479508194925
2.0575419866071942,17.28565146817538,-0.08540920707510694,-0.45615268193799907,0.06649201324831433
2.0186362140865124,17.056907326849174,-0.041357430588482305,-0.45785902917706467,0.06604761683017517
2.00174097588355,16.82767800673885,-0.026286880158593377,-0.46517682089567314,0.06577657323322868
1.9924242775051688,16.59491541035663,0.020326027586155405,-0.4734083373623465,0.064581845221479
2.006406891154594,16.35841644720429,0.024430758558068116,-0.4481221599854644,0.06409462479677566
2.0222101500606584,16.134589436445623,0.06212520734035094,-0.42425402953450814,0.06432841570936729
2.056678552711339,15.922998504256382,0.10099023288872823,-0.44166310154815647,0.06520177646608297
2.1107640586612284,15.70302908861816,0.11480349310587518,-0.44152930229471066,0.06545254394456539
2.171767639075774,15.483243030934373,0.11449249661986069,-0.42209254305621646,0.06615861238267137
2.2324937615935823,15.273181993282675,0.13763558309442034,-0.39633794115650234,0.06659135700630325
2.3045976189833253,15.076195197462363,0.13882577927238948,-0.41227734897479545,0.06645610901070062
2.377422214611137,14.871247575493673,0.13483869286569916,-0.40881730187801923,0.06699313004460036
2.448252127853514,14.668006200191412,0.13340394918108117,-0.40010495611504193,0.06702170790281975
2.5182932700282024,14.469108677911096,0.16698315626417426,-0.41342098368296565,0.06699730925337201
2.6052311718182457,14.263835141273315,0.17609907485799192,-0.4130904813525899,0.06744866584291324
2.696746490108191,14.058813615320933,0.1609174490451219,-0.3936606005365767,0.06858968212282465
2.7805642449664574,13.863401420355904,0.17678837710201695,-0.37754461373082193,0.0695462649781255
2.872222392163277,13.676203870741752,0.20194316425075215,-0.34204888193924954,0.06970694115721206
2.976153628715765,13.506973480318333,0.2045138650110156,-0.31040344575123546,0.07082356416848702
3.0811368886029795,13.353614553333419,0.18001950169164535,-0.3115648430402273,0.07025997517968682
3.173864162712992,13.199445030224911,0.1605268046691296,-0.30143878952012554,0.06987204504712599
3.2567437391026166,13.05015819249491,0.18246645262404335,-0.30610851723597343,0.0699097838387851
3.350633112923209,12.898729461490284,0.1987690103222962,-0.2971021904464061,0.0694075040587802
3.4525750518221394,12.751932516942517,0.1980308499363708,-0.2988357328462064,0.0688018319069228
3.554140750710818,12.604247062237203,0.2036347613336243,-0.2903258048693736,0.06992699411284889
3.6584748311180277,12.460893498160816,0.21065420932352333,-0.28170692905577,0.07183135139419276
3.766308444828993,12.321961557421602,0.2217249821777391,-0.25685160613848473,0.07119172131569487
3.879432997891811,12.195535787842253,0.22421432526978108,-0.26001406556041196,0.07095052981806037
3.9938224227648282,12.067544329310872,0.2348565282677298,-0.23041339472878392,0.06967702668033847
4.113233546192122,11.954406241540944,0.24073142449474613,-0.21060429832375632,0.07068796770073953
4.2354349049383275,11.851252895341277,0.22756259768229348,-0.18229678672767563,0.07064904731021689
4.350802261513067,11.762132883083764,0.23909815348751073,-0.17732010714733235,0.07141286294665909
4.471908635606458,11.675625776524356,0.23137212910132124,-0.18955677885229122,0.07147810930465669
4.589263539235791,11.582934597496132,0.2466800751978304,-0.2004798363053883,0.07131895822855859
4.714364500916223,11.484914809870903,0.25292151194300766,-0.22999345037961694,0.07206472458315388
4.8428694716928335,11.37222106043195,0.2496566113628573,-0.24700636014052252,0.0725477536799771
4.96991012842045,11.251008717763925,0.2805221901581915,-0.25968410530554037,0.07196147253263574
5.112476615806006,11.123717755691109,0.2803085040706279,-0.2585043843672047,0.07291420107435288
5.254955642065047,10.997048719424738,0.2909339413440634,-0.23014470310159524,0.07260024487517446
5.402479008790651,10.884641582510174,0.3056600820972537,-0.22929257663370267,0.0738246473735464
5.557390036761238,10.772841662776399,0.29266699361238785,-0.22053943040333884,0.07360409345250725
5.705719350287061,10.665289219462423,0.31519056760413666,-0.19955716773216436,0.07305304541976781
5.865101672592299,10.568410705194367,0.30368754852973046,-0.17186245113641208,0.07405972306788022
6.018501576502495,10.48531017231509,0.3045341750996623,-0.15683673219477268,0.07322737340998262
6.172170078128818,10.409696544153062,0.32061912948721477,-0.15143823080949667,0.07303599493994778
6.333826416329055,10.336921023874583,0.32803068517246253,-0.123512906576406,0.07309448687240712
6.49893363723596,10.278175138427079,0.33288065679257056,-0.08689954405790846,0.0734248696721946
6.666134063911498,10.237789997746628,0.3706517958701137,-0.06508832382202391,0.07274563356905848
6.852010896921558,10.208623052148974,0.37017692307686756,-0.05565866640459425,0.07250180729328706
7.037563186802802,10.184154258384988,0.38896144304441416,-0.02599731235336368,0.07298340042696412
7.2322378932262,10.174706559283548,0.4017572997594214,0.009396658254430203,0.07310377399018719
7.432985958922494,10.18307468041644,0.4073222181531328,-0.005155587911255723,0.07308433693477426
7.636648839074153,10.184218155345208,0.3973694198716118,0.0034529597949533542,0.07333798175911888
7.835257375675646,10.189586624108376,0.4047000262116406,-0.010792206012564809,0.07264239810005775
8.03766088639113,10.187866101051432,0.39905299728847426,-0.006805832265549556,0.07198890076414709
8.237205539825133,10.188054455318605,0.3833724766857031,0.004668227014794149,0.07108053768219352
8.428809954081302,10.193794009176619,0.39442435829602557,0.02532059652000959,0.07105610622702943
8.62575577336087,10.20995455811403,0.3846035541304804,0.03853747905275858,0.07213339309401028
8.817668419675552,10.232686589447615,0.3690489957305446,0.053173950092926345,0.07159379050061693
9.001677696471802,10.262570236085015,0.38154291509696875,0.09205272915249826,0.06941695306153624
9.191612180972886,10.31189772103894,0.36510455797481856,0.08028486878637876,0.06892605027872914
9.373436679476413,10.355177550269833,0.37311917205718365,0.08548222307178764,0.06857820628173232
9.559227004581517,10.401108453947288,0.36192856108610066,0.10065621557987565,0.06758999557097989
9.739306502274268,10.454484535023655,0.35244866230202504,0.11909504765921318,0.06746208412427891
9.914493213016328,10.51699260083896,0.32646308080066727,0.11662997852087734,0.06778754885931051
10.076705339199435,10.578062427175333,0.3222521114008055,0.09903723983866254,0.06792574706792764
10.236959604339242,10.63030741680985,0.30261844118270487,0.10334550676597752,0.06790054893975202
10.387362691740192,10.684538492332424,0.31703091216936563,0.1155440301733801,0.06719324137049983
10.544877948280496,10.744962181206336,0.30976311053655925,0.14393535338847338,0.06805935809121462
10.698505212341104,10.819550999223203,0.30420069869159816,0.14653896979583958,0.06876989150989661
10.849316031940061,10.895420770418088,0.29997680718402103,0.16973474123310903,0.07007436593289877
10.997787144976943,10.982898094954944,0.2933876766787025,0.16034341458231693,0.07058520827291821
11.143035945031942,11.06564149516887,0.2710499662524381,0.16063664418743326,0.06977195038782412
11.277132590726307,11.148307247460716,0.2526552694881942,0.20007357988752605,0.06953599021559723
11.401695911779706,11.250519742400595,0.2427681266540449,0.19957817126678604,0.06854383384539994
11.521346400011936,11.352369123079164,0.22120078297668222,0.2027230882212584,0.06787807705957474
11.630205668482564,11.455587864614136,0.22043570066858678,0.21572185569220576,0.06730236232389121
11.738588065616806,11.565282742054137,0.22565873751774937,0.21812507641714987,0.06703026555799509
11.849568861042489,11.676215432397035,0.21863226345104111,0.22411556714623315,0.0679010618990133
11.956961965728729,11.790107182310996,0.18097549140685235,0.2546030332926008,0.06796724505326177
12.04526942008097,11.918921599963824,0.160660407487601,0.25809589606051564,0.06811536158286888
12.12338677071149,12.049312399769551,0.15036034505194223,0.2443434475862116,0.06825892685160766
12.196467723529462,12.172743211874455,0.15708946633407223,0.26334854220948384,0.06894041021859836
12.272727708344382,12.305745001237973,0.14343658430683576,0.27386707127023185,0.06862662082421737
12.342082836809801,12.443881992743725,0.12378152489842009,0.27664769989491167,0.068435105053553
12.401595201688332,12.583237623631499,0.10457532459842642,0.28567198564457147,0.06767264793770068
12.451456595312136,12.7269308893464,0.10508027131490923,0.29409906735664254,0.06835572195406286
12.501473827997314,12.874849563290619,0.14680083453312223,0.32613485378450074,0.06819416365289764
12.57208023103677,13.039136643472649,0.12898375833245274,0.3604529141811148,0.06770716627691033
12.633509427928914,13.220420213670266,0.11122263737031839,0.36712513146348114,0.0681261952912959
12.685983940464695,13.404894338997108,0.11507924789101896,0.3657064318866529,0.0677290578869743
12.7404167441043,13.588686790432075,0.1055509774189983,0.3475114979211309,0.06765523866974663
12.790243576726102,13.763301952398267,0.09686541712453199,0.3713101254642135,0.06759842148615008
12.835529865714634,13.949740084583684,0.07755177992573725,0.3663791960408712,0.06780391843643681
12.871193382569476,14.133551819713487,0.09371668081823319,0.35905675087553973,0.06753729240295021
12.915011890830147,14.313837173266355,0.11682586529463798,0.3543043868934448,0.06776083254609006
12.970412940946627,14.491944909590043,0.0913180199994518,0.350492123372067,0.06880320493151097
13.013048870065306,14.667941701007859,0.05664154879834728,0.35134744962836123,0.06981636176073766
13.038297979231698,14.84407401237893,0.05348430959878421,0.35571536886211336,0.07033680751029957
13.06190745875041,15.022365227171056,0.04578375014932743,0.3708090815268162,0.07059007577416214
13.08152299073984,15.208135218895055,0.028472365049549857,0.37378543098124223,0.07054109019963527
13.092460659475153,15.395240220285865,-0.00861536269548731,0.36467971243714453,0.06994919717713623
13.084965549664142,15.57746758303953,-0.030861825130770723,0.35582312749812917,0.07022235639067546
13.06641478597615,15.755071723367635,-0.03109285648112567,0.33704758428295595,0.07068234215386977
13.047893989631033,15.923285750811415,-0.03919774604614903,0.3115258163558717,0.07031337849087668
13.025561381629698,16.078672093739357,-0.044081218724352736,0.31872352688637134,0.0699173724168594
13.000740006067492,16.23761618343252,-0.036712221543976124,0.31672130342015614,0.06947586338512544
12.979637302700896,16.395626192866022,-0.03663330000008224,0.3355630834453001,0.07014913132440456
12.958382277361578,16.563052143851053,-0.03181435806802026,0.3427545066189872,0.07038828160932055
12.939462955645833,16.734114129729527,-0.06713336940689398,0.3465165281425147,0.07102005332470068
12.902827445329237,16.906740069770407,-0.1093633641036185,0.3480786174923583,0.07088869402688396
12.845073180073506,17.079773963017978,-0.10695315889270397,0.3479261921466259,0.0712747998581759
12.788508451174355,17.252747456257232,-0.12047341908736137,0.32117220599542157,0.07277727977979427
12.725363601769356,17.412202277000986,-0.10654323202216573,0.31628025083663136,0.07254160754012604
12.66923604509596,17.5693417343454,-0.1215783407263542,0.3204230825882902,0.07274237817405409
12.605547055513897,17.728412589635735,-0.12054247333776487,0.3144321745721662,0.07262369397569796
12.542434973453611,17.884499969919588,-0.14383446547321127,0.3067294881092482,0.07253429114631063
12.467752759271464,18.036527122489684,-0.1529679790446258,0.3053556443592522,0.07194141338739407
12.388539593838026,18.187796578776013,-0.16797969455832895,0.28767861944563644,0.07079287146636082
12.302021850388895,18.330119538730173,-0.1749411024336943,0.27433983930663647,0.07049528136547728
12.212152202482788,18.465719651233773,-0.178148203474991,0.24340991475230822,0.07062776169972503
12.12094789933216,18.5858267017489,-0.16875091307411932,0.22406370842406598,0.07059966050586766
12.034612817371437,18.696346225659326,-0.1662603160945396,0.2209448407558245,0.07084257664353151
11.949543708518837,18.80532341173885,-0.18312516362543796,0.20394800081055994,0.07159815518425434
11.856175590174965,18.90563687937699,-0.21927969690576626,0.2002127500439568,0.07265963126505029
11.744741635178496,19.003729856162472,-0.23921435022697168,0.2178746539117098,0.07137770197760808
11.623216131247174,19.110509964324372,-0.24576322962653843,0.19082996501300753,0.07079520464960709
11.498671621923426,19.203730392218368,-0.24835270721806207,0.2170366614563905,0.0711057152758408
11.37259256140312,19.310018683487904,-0.23754568709544285,0.2166600234212389,0.07171751653880855
11.251903088503864,19.416196185491746,-0.23014900303763178,0.22192728054482708,0.07112399794542301
11.134880003885842,19.525090514752065,-0.24186092157156355,0.20479673645966462,0.07182029854329955
11.012137159401279,19.625295794496125,-0.2558544522357733,0.21031687812270494,0.07237255845940208
10.882335411727603,19.728116932560326,-0.2771137820471447,0.21101783725798612,0.07169851506357316
10.74191719131029,19.83111993831077,-0.28121067200893723,0.19793554306802225,0.071784921165123
10.599566135184247,19.92754339684212,-0.3138179541569378,0.19181159694612387,0.07246730658892893
10.440954170927379,20.02058582952136,-0.293800711571986,0.1647259235084669,0.07281130714786134
10.292587189438208,20.100256892485454,-0.29603300753853046,0.1290113259758741,0.07244258051106899
10.143434937923045,20.16206807005265,-0.2549910742589415,0.11392914024032665,0.07191795100212445
10.01494279188924,20.21672830719292,-0.2614671635648313,0.11959179633063396,0.07266613092588749
9.883151806946293,20.274136335577065,-0.2678716383965717,0.11350845743693759,0.07277015188873386
9.748213148587075,20.32844167887983,-0.28461097593564066,0.09781485404445962,0.07280676343579591
9.60504898965882,20.37474839008052,-0.2863077973262074,0.10174871225712093,0.07325529353975478
9.460995497876455,20.422989969469487,-0.28969068959914834,0.08317844216541234,0.07545968972433008
9.315400031822502,20.461837151868476,-0.27094147412232894,0.08170445989148963,0.07387487158369023
9.179205695591651,20.500178406456577,-0.2552752558286555,0.036021461935070345,0.07261050224178242
9.051269198931823,20.515868477528567,-0.2577677702496631,0.006036828294100564,0.07148006119422519
8.922358816989531,20.516583337273616,-0.2709602014559371,0.005145132440409253,0.07236948427537755
8.786861740400697,20.51670445332085,-0.2751014878951567,-0.0016434070756127838,0.07227036643810922
8.649355773601656,20.513397988338088,-0.27851330666801377,-0.004784137855634202,0.07364697709040884
8.510174626610292,20.508442791787107,-0.2883794883738888,0.007674608524557449,0.07456599154202402
8.365946759768809,20.509591605650737,-0.2918161968411931,0.01775216177274351,0.07522514387108258
8.219906155310925,20.515721927900557,-0.28922310331238354,-0.034172271463452336,0.07528004207046018
8.075650271440171,20.495918556791484,-0.27710032061248696,-0.056034865522907935,0.07541539365133293
7.937661116037928,20.465295868867678,-0.27478682102962143,-0.054597803161092785,0.07446635771157098
7.800807602023899,20.435445773069073,-0.26731473927814603,-0.05073723885104759,0.07521593592867554
7.66765871163796,20.407570138450556,-0.2509305655724666,-0.05775971412686495,0.07588287406753477
7.542771334916512,20.376317328855016,-0.23324797316637644,-0.07884111239534726,0.07576777202894262
7.4269218552000735,20.33469738058903,-0.1991382228096947,-0.06302215327605916,0.07513488342231216
7.327967988325715,20.301323656982458,-0.21687466389418938,-0.05905725690815995,0.07490661145680647
7.22010891408459,20.269771500684683,-0.21805043768414828,-0.06874814118084563,0.0744753879702344
7.111748821666072,20.233375684340572,-0.20483439906742276,-0.09341388882359714,0.07341520916361652
7.0102117746646,20.184799694451094,-0.20476231184520782,-0.09977553937713554,0.07305488882421794
6.90876441936861,20.13305336475579,-0.2171720041016305,-0.1274875902094585,0.07241328839574215
6.80135598877202,20.06735794328626,-0.2277209219272616,-0.13505084819851232,0.07161977064747634
6.688728770686611,19.997808502931345,-0.23523836793582903,-0.16633399679671823,0.07242776261267599
6.5726410288880714,19.91253019065853,-0.22016008918269725,-0.15581098539804755,0.07300071721262283
6.464007056871541,19.832633237894246,-0.23245831281505638,-0.1604820780647557,0.07426771235420455
6.349294268883161,19.750252868208126,-0.2188034581608311,-0.1599034403530208,0.07489855895198369
6.241415001927016,19.668271566185638,-0.21329772538252523,-0.15576077199518407,0.07513209725414824
6.136253878582894,19.58840654385059,-0.20270059748888325,-0.17756713568778862,0.07456402515529759
6.036581880178714,19.49775448927405,-0.21510392411658097,-0.1610002858582696,0.07508368746907232
5.930566064545947,19.415254641986838,-0.202206336770509,-0.1699384793591297,0.07579948209534539
5.831097061723975,19.32839007971533,-0.19783748127350817,-0.1896365079649515,0.07597947362322019
5.734002956612907,19.231715908861375,-0.20996995162143203,-0.19910970969990807,0.07509795421769354
5.630911521118595,19.130213638867318,-0.22313216777144468,-0.20400873743590014,0.07333097415979416
5.521240243454189,19.026187040399126,-0.22696121938478628,-0.19742613502738443,0.07293783762583397
5.409584566554164,18.925426824290142,-0.2397272494618878,-0.20755796624075856,0.07398628871302347
5.291667615256182,18.819454696319504,-0.24979667342919928,-0.18848450921221216,0.07419137658527392
5.168545712008202,18.722917725289626,-0.23850474627008453,-0.20575332301806024,0.07415255096760495
5.051227581972264,18.617854168380624,-0.21022050290318417,-0.207310275353699,0.07506179217013026
4.948086911398304,18.512251153764357,-0.20426721582704277,-0.1957254519325271,0.07709648023125824
4.847864580500458,18.41244437112321,-0.17049505180364075,-0.18897316895413435,0.07846207131415645
4.764492085544122,18.316310061849368,-0.1710167769351563,-0.16576660273627344,0.07924907639194428
4.680647962922686,18.23175455446016,-0.14877108184672128,-0.1666543033859926,0.0783421259035259
4.607913240944837,18.146992016196638,-0.13031050373806405,-0.15426106456477906,0.07898578135051845
4.544297780629357,18.068595114878057,-0.10443448550002488,-0.1656633635779763,0.07935763313269519
4.493737354637948,17.98474934324167,-0.08690410780493762,-0.1540482836434085,0.07951800999935413
4.451827747765591,17.906881801403927,-0.07257838152965723,-0.15239327721011103,0.07952843884666834
4.417062869934559,17.829983830871356,-0.09371591104508079,-0.15899011791425674,0.0792015685793079
4.371790988380949,17.74958186328638,-0.10648218293797904,-0.16169732329609468,0.08024923495125581
4.320185975192726,17.667686898164867,-0.11594429215217392,-0.15989291731468264,0.07862138493299425
4.263799931961933,17.586621712660634,-0.12562608218581048,-0.173259366426043,0.07777124653976528
4.20268683190421,17.498792751555605,-0.1545111375870029,-0.19177505371085463,0.07920430251678447
4.127349883274736,17.401400743179476,-0.1292678212193323,-0.1990657214799099,0.07915959707525555
4.064702334988986,17.300614936171016,-0.10898327675630927,-0.2084666735373436,0.07893306060631682
4.012281438705988,17.195333498009525,-0.09903168513680524,-0.19081939847885726,0.07994726728271374
3.964685464179189,17.098959673495383,-0.05822402127614036,-0.18794552377405094,0.07979986285660123
3.9374556820079896,17.004431137233393,-0.04613360285603217,-0.20480732490858808,0.08011085874943692
3.916445685427737,16.901592942406964,-0.030058359104731473,-0.205399711281983,0.08008087866131526
3.9034763204288376,16.798619679318573,-0.017258709884152075,-0.2322767960771445,0.08095452123329046
3.897199482894512,16.682338369893714,-0.018658789967693323,-0.23305870963769368,0.08043049747142991
3.8902154151162383,16.56565285567771,-0.00524459430233188,-0.22634088346754927,0.08091397985168759
3.889882788732805,16.452460245821165,0.03523041466994598,-0.2268098174317043,0.0813285563000721
3.909798588428543,16.339444694097505,0.04968742910660553,-0.23289954162669327,0.08196825948629176
3.937021310827531,16.22353654839134,0.08991089575602898,-0.23053578846581632,0.08265036059760533
3.9843453585206734,16.10923022368273,0.11040074781568979,-0.2070326470154503,0.08247563922768938
4.0416641798047594,16.006881247174622,0.13866844428823344,-0.1990040940014171,0.08079512338299501
4.112989091733492,15.908806538218064,0.1342596780171085,-0.1817381424452893,0.08105994120386494
4.181941761789934,15.81932254205202,0.13880657357787593,-0.18537815858067058,0.08164056330299636
4.253217310273305,15.728075536019617,0.13272939145173013,-0.15207491509501392,0.08080079734853582
4.321099717043321,15.653399159160628,0.1412792739919932,-0.1433613023513265,0.08008299518209334
4.393155387787698,15.583151730449512,0.1651815235494657,-0.13313352856239807,0.07994621527682819
4.477054419793341,15.518253176947523,0.1607188898131639,-0.1206066193960312,0.07996111585680989
4.558597777469307,15.459572124972643,0.19305856039451955,-0.10765226210614492,0.08046771610456328
4.656183687161853,15.407702125445576,0.19739563698519116,-0.11949513790487837,0.08109544909160345
4.756065610766123,15.349971638994932,0.2001614276282316,-0.11267581811044955,0.08061760212834523
4.857254527985663,15.295665778696666,0.20403056878802278,-0.06083185409648464,0.08006941693275503
4.959851328326512,15.26729977934313,0.18865535215055712,-0.02085877102202774,0.0796834563216861
5.0543617858902685,15.258751993077988,0.22671284914357046,-0.008913831977882923,0.07952627034974574
5.167776940187457,15.256549657959726,0.21732274147890784,0.003344486154362461,0.07988576131091531
5.276376026899826,15.260391291986448,0.2295344726493792,0.008938683350340551,0.08019272867650556
5.391022923290773,15.267160002398263,0.2445405621801337,0.020227021980888164,0.08018209318158341
5.513057749537552,15.279721447878746,0.26254304962789893,0.03999446438083315,0.07865068833834479
5.6439022937619505,15.302294342560534,0.26856053104793937,0.046413849352409234,0.07788973575612414
5.777696779790989,15.328109834478761,0.28894850055452,0.05095561042085233,0.07669202505744956
5.9216472001814315,15.356351062616971,0.28146797292429154,0.06118012073436701,0.07651942069896636
6.06176174258217,15.389625552935502,0.2772090744627192,0.11192175071517599,0.07561891973515124
6.199275459155194,15.448193065257923,0.25196780120450285,0.12431923926420851,0.0759999213154739
6.324048152443914,15.512731129859361,0.23692588887181953,0.11835298890349771,0.07599941152999373
6.441358379896515,15.574143891440043,0.22396380619535244,0.1323200087748261,0.0765802110911261
6.5520464395931075,15.642431367981128,0.2171817176031327,0.14325987006134291,0.07599326527234615
6.659250486267301,15.716106863661192,0.2331205148402109,0.1646118655220222,0.07612163141554523
6.774216477300468,15.800610847587379,0.2500233152003144,0.17969499019316004,0.07579961566434582
6.8974958117460625,15.892805510156771,0.2692369856486604,0.19846449468710664,0.076168544701647
7.030192399301352,15.994576885154867,0.2644213558047308,0.1893017207666628,0.07671071289855376
7.160555701774523,16.0917397229218,0.24152155868803374,0.20598656327354753,0.0768199114944091
7.279309049222504,16.197026604648464,0.2290630153544239,0.24027480238531393,0.07637760669172024
7.391519047410661,16.319321451724015,0.23064045701640795,0.24548747262255605,0.07597432627200344
7.504480480100563,16.444225750579985,0.24757246010397224,0.24424449789953462,0.0759074522440207
7.625919774569954,16.56866747478958,0.2505835227466763,0.26455148922968813,0.0751427491109505
7.748697462398894,16.70326551633329,0.204180831837678,0.271177521829067,0.07586919582760464
7.848191950645915,16.840757907361994,0.16676485794632312,0.30013884515322903,0.07533708280950491
7.9287285482627015,16.99236210461666,0.16595138631437173,0.2893376458819896,0.07638453703066596
8.008921791342363,17.13858008232297,0.13577453490597624,0.2978998933418696,0.07651623416527929
8.073943574364362,17.2887921568463,0.1445421194431292,0.2849268714583012,0.07649073293648323
8.143473065696702,17.432602712845885,0.1256094166922076,0.29850531858300006,0.07648885372966882
8.203408771734612,17.583019809738154,0.10416400351184321,0.3007917522993061,0.07707379236276314
8.252580346836941,17.73438187851496,0.09342911688828406,0.30977737312686204,0.07756198665374697
8.296280204482647,17.890137448427822,0.06944275706300151,0.3283503306154133,0.077946170653343
8.327793992513083,18.05494756989866,0.05465371474145722,0.3270031112148632,0.07821895387153657
8.351917061459533,18.218941749467596,0.04149170128547168,0.3487790105606112,0.07856571597146803
8.36923275824278,18.393693832641546,0.016957056828537098,0.3530736205976122,0.07856038469616251
8.37424235237377,18.57035174671964,0.00035457124100960087,0.3782434564685851,0.07801140013231085
8.370731647958163,18.75942897936525,0.006894085608800492,0.37761758575706894,0.07743045524259974
8.370523398513287,18.94825732736474,-0.0019889766916109048,0.3858633945315181,0.07778459084166814
8.365777855468881,19.141121053356105,-0.019374579693698143,0.3719129463977095,0.07816683890381194
8.352459586804107,19.326840906217807,-0.028727451918302394,0.39308109888381365,0.07897330612870797
8.334219733114075,19.52304683455606,-0.0023934716860497807,0.38675158792515063,0.07848365515722266